Abstract Tech,Corporate
Abstract Tech,Cyberprep
Abstract Tech,Cyberpunk
Abstract Tech,Frutiger Aero
Abstract Tech,Hexatron
Abstract Tech,Intel Core
Abstract Tech,Metalheart
Abstract Tech,Technocore
Abstract Tech,Y2K
Acid Pixie,Acidwave
Acid Pixie,Biopunk
Acid Pixie,Glowwave
Acid Pixie,Psychedelica
Acid Pixie,Raver
Acid Pixie,Voidpunk
Acid Pixie,Witch House
Acidwave,Raver
Acidwave,Hippie
Acidwave,Drugcore
Acidwave,Psychedelica
Acidwave,Indie Kid
Adventurecore,Cabincore
Adventurecore,Campcore
Adventurecore,Cryptidcore
Adventurecore,Goblincore
Adventurecore,Naturecore
Adventurecore,Natural Philosophy
Adventurecore,Junglecore
Afrofuturism,70s Disco
Afrofuturism,Synthwave
Afrofuturism,Cyberpunk
Afrofuturism,Solarpunk
Afrofuturism,Art Hoe
Afrofuturism,Seapunk
Afrofuturism,Real Life Super Hero
Afrofuturism,Glam Rock
Afrofuturism,R&B
Afrofuturism,Androgynous
Afro-Victorian,Afrofuturism
Afro-Victorian,La Sape
Afro-Victorian,Victorian
After Hours,City Pop
After Hours,Dark Paradise
After Hours,Ethereal
After Hours,Film Noir
After Hours,Golden Hour
After Hours,Liminal Space
After Hours,Lo-Fi
After Hours,Spiritcore
After Hours,Vaporwave
Agropeople,Cottagecore
Agropeople,Western
Alien,Cryptidcore
Alien,Uchuu Kei
Alien,Glitch
Alien,Glowwave
Alien,Holosexual
Alien,Raver
Alien,Synthwave
Alien,Vaporwave
Alien,Voidpunk
Alternative,Emo
Alternative,Goth
Alternative,Grunge
Alternative,Indie
Alternative,Punk
Alternative,Post-Punk
Alternative,Beatnik
Alternative,Dark Academia
Americana,Brocore
Americana,Cottagecore
Americana,Country
Americana,Flapper
Americana,Greaser
Americana,Hustlewave
Americana,Nostalgiacore
Americana,Prairiecore
Americana,Scrapper
Americana,Wanderlust
Americana,Western
Americana,Yankeecore
American Pioneers,Adventurecore
American Pioneers,Americana
American Pioneers,Cottagecore
American Pioneers,Campcore
American Pioneers,Prairiecore
American Pioneers,Western
American Revolution,Americana
American Revolution,American Pioneers
American Revolution,Historical Americana
Ancient Egypt,Art Deco
Androgynous,Club Kids
Androgynous,Cybergoth
Androgynous,Gamine
Androgynous,Glam Rock
Androgynous,Teddies
Androgynous,Voidpunk
Androgynous,New Romantic
Androgynous,Deathrock
Androgynous,Queercore
Androgynous,Goth
Androgynous,Trad Goth
Androgynous,Visual Kei
Androgynous,Tomboy
Anemoiacore,After Hours
Anemoiacore,Dreamy
Anemoiacore,Surrealism
Anemoiacore,Traumacore
Anemoiacore,Weirdcore
Anemoiacore,Nostalgiacore
Anemoiacore,Liminal Space
Angelcore,Baroque
Angelcore,Bloomcore
Angelcore,Butterfly
Angelcore,Cloudcore
Angelcore,Devilcore
Angelcore,Dreamy
Angelcore,Ethereal
Angelcore,Hellenic
Angelcore,Pastel
Angelcore,Pearly
Angelcore,SacriCore
Angelcore,Softie
Anglo Gothic,After Hours
Anglo Gothic,Chav
Anglo Gothic,Dark Academia
Anglo Gothic,Darkest Academia
Anglo Gothic,Regional Gothic
Anglo Gothic,Suburban Gothic
Anglo Gothic,Goth
Anglo Gothic,Trad Goth
Anglo Gothic,Post-Punk
Anglo Gothic,Cryptidcore
Anglo Gothic,Britpop
Angura Kei,Goth
Angura Kei,Visual Kei
Angura Kei,Shironuri
Animecore,Cartooncore
Animecore,E-Boy
Animecore,E-Girl
Animecore,Erokawa
Animecore,Geek
Animecore,Magical Girls
Animecore,Nostalgiacore
Animecore,Old_Web
Animecore,Yandere
Animecore,Yami Kawaii
Animecore,Yume Kawaii
Anti-Fashion,Avant-garde
Anti-Fashion,Club Kids
Anti-Fashion,Grunge
Anti-Fashion,Normcore
Anti-Fashion,Punk
Art Academia,Art Hoe
Art Academia,Ballet Academia
Art Academia,Chaotic Academia
Art Academia,Dark Academia
Art Academia,Light Academia
Art Academia,Musical Academia
Art Academia,Studyblr
Art Academia,Studyplace
Art Academia,Writer Academia
Arts and Crafts Movement,Victorian
Arts and Crafts Movement,Art Nouveau
Art Deco,Art Academia
Art Deco,Decopunk
Art Deco,Dieselpunk
Art Deco,Flapper
Art Deco,Nautical
Art Deco,Preppy
Art Deco,Vintage
Art Hoe,Cottagecore
Art Hoe,Plant Mom
Art Hoe,VSCO
Art Nouveau,Arts and Crafts Movement
Art Nouveau,Art Deco
Art Nouveau,Art Academia
Art Nouveau,Romanticism
Art Nouveau,Romantic Academia
Art Nouveau,Vintage
Art Nouveau,Ballet Academia
Art Nouveau,Impressionism
Art Nouveau,Bohemian
Art Nouveau,Fantasy
Art Nouveau,Fairy Tale
Art Nouveau,Fairycore
Athlete,Brocore
Athlete,Health Goth
Athlete,High School Dream
Athlete,Scrapper
Atompunk,Cyberpunk
Atompunk,Dieselpunk
Atompunk,Modernism
Atompunk,Retro-Futurism
Auroracore,Angelcore
Auroracore,Art Nouveau
Auroracore,Cloudcore
Auroracore,Dreamy
Auroracore,Ethereal
Auroracore,Fantasy
Auroracore,Fairycore
Auroracore,Fairy Tale
Auroracore,Magical Girls
Auroracore,Otherkin
Auroracore,Pastel
Auroracore,Pixiecore
Auroracore,Princesscore
Auroracore,Rainbowcore
Auroracore,Snowdrop
Auroracore,Spacecore
Auroracore,Sparklecore
Auroracore,Unicorncore
Autumn,Naturecore
Autumn,Christian Girl Autumn
Autumn,Comfy/Cozy
Autumn,Winter
Autumn,Summer
Autumn,Spring
Avant-garde,Boujee
Avant-garde,Club Kids
Avant-garde,De Stijl
Avant-garde,Expressionism
Avant-garde,Futurism
Avant-garde,Modernism
Babycore,Babygirl
Babycore,Kawaii
Babycore,Kidcore
Babycore,Milk
Babycore,Pastel
Babycore,Sanriocore
Babycore,Yume Kawaii
Babycore,Delicate Sweet
Babygirl,Babycore
Babygirl,Baddie
Babygirl,Bubblegum Bitch
Babygirl,Erokawa
Babygirl,E-Girl
Babygirl,Lovecore
Babygirl,Nymphet
Babygirl,Neko
Babygirl,Pastel
Babygirl,Pastel Academia
Babygirl,Pastel Goth
Babygirl,Princesscore
Babygirl,Sanriocore
Babygirl,Slutcore
Babygirl,Softie
Babygirl,Unicorncore
Barbiecore,Bubblegum Bitch
Barbiecore,Common White Girl
Barbiecore,Holosexual
Barbiecore,Hyperpop
Barbiecore,McBling
Barbiecore,Sanriocore
Barbiecore,Equestrian
Barbiecore,Unicorncore
Bardcore,Dragoncore
Bardcore,Fantasy
Bardcore,Pirate
Bardcore,Kingcore
Bardcore,Queencore
Bardcore,Princecore
Bardcore,Princesscore
Bardcore,Knightcore
Baddie,Barbiecore
Baddie,Cherry Emoji Twitter
Baddie,Femme Fatale
Luxurious Baddie,Boujee
Luxurious Baddie,Cherry Emoji Twitter
Luxurious Baddie,Chic Modernist
Luxurious Baddie,Femme Fatale
Luxurious Baddie,Pearly
Ballet Academia,Art Nouveau
Ballet Academia,Art Academia
Ballet Academia,Dark Academia
Ballet Academia,Light Academia
Ballet Academia,Theatre Academia
Ballet Academia,Theatre Kids
Ballet Academia,Ethereal
Ballet Academia,Vintage Parisian
Ballet Academia,Romantic Academia
Ballet Academia,Woodland Goth
Ballet Academia,Gothic
Ballet Academia,Romantic Goth
Ballet Academia,Fairycore
Ballet Academia,Fantasy
Ballet Academia,Dark Fantasy
Baroque,Art Academia
Baroque,Classicism
Baroque,Ethereal
Baroque,Golden Hour
Baroque,Kingcore
Baroque,Queencore
Baroque,Pearly
Baroque,Princecore
Baroque,Princesscore
Baroque,Royalcore
Bastardcore,Crackhead
Bastardcore,Scrapper
Beach Bunny,Poolcore
Beach Bunny,Vacation Dadcore
Beach Bunny,Vaporwave
Beach Bunny,VSCO
Beach Bunny,Seapunk
Beach Bunny,Snow bunny
Beach Bunny,Summer
Beach Bunny,Surf Crush
Beatnik,Hippie
Beatnik,Mod
Beatnik,Hipster
Beatnik,Vintage
Beatnik,Dark Academia
Beatnik,Post-Punk
Bibliopunk,Chaotic Academia
Bibliopunk,Dark Academia
Biker,Bosozoku
Biker,Punk
Biker,Metalcore
Biker,Metal
Biker,Gyaru
Biker,Grunge
Bold Casual,Baddie
Bold Casual,Chic Modernist
Bold Casual,Cagole
Bold Casual,Gyaru
Bold Casual,Hermaphroditus
Bold Casual,Softie
Biopunk,Acid Pixie
Biopunk,Cyberpunk
Biopunk,Glowwave
Biopunk,Science Academia
Bizarro Fiction,Surrealism
Bizarro Fiction,Weirdcore
Bookstore Girl,Classic Academia
Bookstore Girl,Light Academia
Bookstore Girl,Dark Academia
Bookstore Girl,Vintage
Bookstore Girl,Warmcore
Bookstore Girl,Autumn
Bloomcore,Cottagecore
Bloomcore,Dreamy
Bloomcore,Earthcore
Bloomcore,Fairy Academia
Bloomcore,Fairycore
Bloomcore,Fawncore
Bloomcore,Golden Hour
Bloomcore,Honeycore
Bloomcore,Lovecore
Bloomcore,Mosscore
Bloomcore,Naturecore
Bloomcore,Natural Philosophy
Bloomcore,Romantic Academia
Bloomcore,Rusticcore
Bloomcore,Spring
Bloomcore,Virgo's Tears
Bloomcore,Warmcore
Bloomcore,Witchcore
Bodikon,City Pop
Bodikon,Italo Disco
Bodikon,Takenokozoku
Bodikon,Gyaru
Bohemian,Hippie
Bohemian,Vintage
Bōsōzoku,Yanki
Bōsōzoku,Sukeban
Boujee,Baddie
Boujee,Casino
Boujee,Chic Modernist
Boujee,Cleancore
Boujee,Corporate
Boujee,Femme Fatale
Boujee,Hip-Hop
Boujee,Lo-Fi
Boujee,New Money
Boujee,R&B
Boujee,Sparklecore
Boujee,Urbancore
Boujee,Vintage Parisian
Breakcore,Glitch
Breakcore,Old Web
Breakcore,Gen X Soft Club
Breakcore,Y2K
Breakcore,Metalheart
Brocore,Americana
Brocore,Athlete
Brocore,Bastardcore
Brocore,Chav
Brocore,Country
Brocore,Jersey Shore
Brocore,Karencore
Brocore,Normcore
Brocore,Party Animal
Brocore,Preppy
Brocore,Scrapper
Brocore,Stripcore
Brocore,Vacation Dadcore
Bronzepunk,Cyberpunk
Bronzepunk,Sandalpunk
Bronzepunk,Steampunk
Bubble Goth,Goth
Bubble Goth,Soft Macabre
Bubble Goth,Pastel
Bubble Goth,Pastel Goth
Bubblegum Bitch,Baddie
Bubblegum Bitch,Barbiecore
Bubblegum Bitch,Cherry Emoji Twitter
Bubblegum Bitch,Femme Fatale
Bubblegum Bitch,Sparklecore
Bubblegum Baddie,Baddie
Bubblegum Baddie,Bubble Goth
Bubblegum Baddie,Bubblegum Bitch
Bubblegum Baddie,Kawaii
Bubblegum Baddie,Pastel
Bubblegum Baddie,Pastel Academia
Bubblegum Baddie,Witchcore
Bubblegum Baddie,Witchy Academia
Bubblegum Baddie,Yume Kawaii
Cabincore,Adventurecore
Cabincore,Campcore
Cabincore,Comfy/Cozy
Cabincore,Cottagecore
Cabincore,Dark Academia
Cabincore,Northerness
Cabincore,Forestpunk
Cabincore,Goblincore
Cabincore,Naturecore
Cagole,Chav
Cagole,Gyaru
Cagole,McBling
Cagole,Racaille
Camp,Theatre Kids
Camp,Steampunk
Camp,Pop Art 
Camp,Pin-up 
Camp,Old Hollywood
Camp,McBling
Camp,Mall Ninja
Camp,Mallgoth
Camp,Jersey Shore
Camp,Italian Mafia
Camp,Hot Topic
Camp,Horror
Camp,Halloween
Camp,Goth
Camp,Gorecore
Camp,Golden Age of Detective Fiction
Camp,Gyaru
Camp,Flapper
Camp,Femme Fatale
Camp,Film Noir
Camp,Emo
Campcore,Cabincore
Campcore,Scoutcore
Campcore,Adventurecore
Campcore,Hikecore
Campcore,Comfy/Cozy
Campcore,Naturecore
Campcore,Natural Philosophy
Campcore,Earthcore
Candycore,Decora
Candycore,Foodie
Candycore,Kidcore
Candycore,Lolita
Candycore,Rainbowcore
Carcore,Animecore
Carcore,Art Deco
Carcore,Atompunk
Carcore,Boujee
Carcore,Cyberpunk
Carcore,Decopunk
Carcore,Glowwave
Carcore,Hi-NRG
Carcore,Synthwave
Carcore,Vintage
Carcore,Y2K
Cargopunk,Post-Apocalyptic
Cargopunk,Soft Apocalypse
Cargopunk,Techwear
Cargopunk,Urbancore
Carnivalcore,Clowncore
Carnivalcore,Pastel
Carnivalcore,Lo-Fi
Carnivalcore,Cuddle Party
Cartelcore,City Pop
Cartelcore,Drugcore
Cartelcore,Glowwave
Cartelcore,Synthwave
Cartelcore,Vaporwave
Cartelcore,Vacation Dadcore
Cartooncore,Animecore
Cartooncore,Geek
Cartooncore,Lo-Fi
Cartooncore,Magical Girls
Cartooncore,Nostalgiacore
Cartooncore,Vaporwave
Cartooncore,Vintage
Cartooncore,Y2K
Casinocore,Boujee
Casinocore,Cartelcore
Casinocore,Drugcore
Casinocore,Lounge
Casinocore,McBling
Casinocore,Stripcore
Casinocore,Synthwave
Casinocore,Vacation Dadcore
Casinocore,Vintage
Cassette Futurism,Retro-Futurism
Cassette Futurism,Atompunk
Cassette Futurism,Dieselpunk
Cassette Futurism,Cyberpunk
Cassette Futurism,Synthwave
Changelingcore,Cryptid Academia
Changelingcore,Cryptidcore
Changelingcore,Ethereal
Changelingcore,Fairycore
Changelingcore,Goblincore
Changelingcore,Mosscore
Changelingcore,Naturecore
Chav,Baddie
Chav,Cagole
Chav,McBling
Chav,Scrapper
Chav,Racaille
Chav,Bombacore
Cherry Emoji Twitter,Baddie
Cherry Emoji Twitter,Bubblegum Bitch
Cherry Emoji Twitter,Femme Fatale
Cherry Emoji Twitter,Red
Chic Modernist,Boujee
Chic Modernist,Corporate
Chic Modernist,Dark Academia
Chic Modernist,Indie
Chic Modernist,Light Academia
Chic Modernist,Minimalism
Chic Modernist,Modernism
Chic Modernist,Preppy
Chic Modernist,Romantic Italian
Chic Modernist,Vintage Parisian
Cholo,Baddie
Christcore,Alternative
Christcore,Goth
Christcore,Grunge
Christcore,Indie
Christcore,Metal
Christcore,Metalcore
Christcore,Vintage
Christian Girl Autumn,Autumn
Christian Girl Autumn,Karencore
Christian Girl Autumn,VSCO
Christmas,Winter
Chaotic Academia,Bibliopunk
Chaotic Academia,Dark Academia
Chaotic Academia,Light Academia
City Pop,After Hours
City Pop,Animecore
City Pop,Lo-Fi
City Pop,Vaporwave
City Pop,Bodikon
City Pop,Cyberpunk
City Pop,New Romantic
City Pop,New Wave
City Pop,Synthwave
Classic Academia,Classicism
Classic Academia,Dark Academia
Classic Academia,Light Academia
Classic Academia,Studyblr
Classic Academia,Studyplace
Classic Lolita,Lolita
Classic Lolita,Victorian
Classicism,Art Academia
Classicism,Classic Academia
Classicism,Hellenic
Classicism,White
High Cleancore,Icepunk
High Cleancore,Medicalcore
High Cleancore,Poolcore
High Cleancore,Vacation Dadcore
High Cleancore,Vaporwave
Low Cleancore,Kidcore
Low Cleancore,Sanriocore
Clockpunk,Cyberpunk
Clockpunk,Steampunk
Clowncore,Juggalo
Clowncore,Kidcore
Clowncore,Rainbowcore
Clowncore,Scene
Clowncore,Decora
Clowncore,Fanfare
Club,Boujee
Club,Cartelcore
Club,Club Kids
Club,Drugcore
Club,Glowwave
Club,Raver
Club,Stripcore
Club,Urbancore
Coffee House,After Hours
Coffee House,Comfy/Cozy
Coffee House,Dark Academia
Coffee House,Foodie
Coffee House,Light Academia
Coffee House,Lo-Fi
Coffee House,Milk
Coffee House,Indie
Comfy/Cozy,Autumn
Comfy/Cozy,Coffee House/Cafe
Comfy/Cozy,Cabincore
Comfy/Cozy,Cloudcore
Comfy/Cozy,Dazecore
Comfy/Cozy,Dreamy
Comfy/Cozy,Havencore
Comfy/Cozy,Light Academia
Comfy/Cozy,Softie
Comfy/Cozy,VSCO
Common White Girl,Barbiecore
Common White Girl,Christian Girl Autumn
Common White Girl,VSCO Preppy
Concore,Heistcore
Concore,Golden Age of Detective Fiction
Constructivism,Art Academia
Constructivism,Avant-garde
Constructivism,Purism
Constructivism,Modernism
Constructivism,Suprematism
Constructivism,Sovietwave
Corporate,Abstract Tech
Corporate,Boujee
Corporate,Chic Modernist
Corporate,Corporate Memphis
Corporate,Cyberprep
Corporate,Frutiger Aero
Corporate,Goth
Corporate,Hustlewave
Corporate,Studyblr
Corporate,Studyplace
Corporate,Vaporwave
Corporate Memphis,Corporate
Corporate Memphis,Cyber Minimalism
Corporate Memphis,Memphis
Corporate Memphis,Minimalism
Corporate Memphis,Frutiger Aero
Cottagecore,Art Hoe
Cottagecore,Bloomcore
Cottagecore,Butterfly
Cottagecore,Cabincore
Cottagecore,Cottagegore
Cottagecore,Country
Cottagecore,Crowcore
Cottagecore,Earthcore
Cottagecore,Ethereal
Cottagecore,Fairy Academia
Cottagecore,Fairycore
Cottagecore,Forestpunk
Cottagecore,Fruity
Cottagecore,Grandparentcore
Cottagecore,Hellenic
Cottagecore,Hippie
Cottagecore,Honeycore
Cottagecore,Mori Kei
Cottagecore,Naturecore
Cottagecore,Natural Philosophy
Cottagecore,Nautical
Cottagecore,Plant Mom
Cottagecore,Prairiecore
Cottagecore,Princesscore
Cottagecore,Ravencore
Cottagecore,Rococo
Cottagecore,Romanticism
Cottagecore,Shabby Chic
Cottagecore,Villagecore
Cottagecore,Vintage
Cottagecore,Warmcore
Cottagecore,Witchcore
Cottagecore,Woodland Goth
Cottagegore,Coffinwood
Cottagegore,Cottagecore
Cottagegore,Crowcore
Cottagegore,Dark Academia
Cottagegore,Dark Fantasy
Cottagegore,Forestpunk
Cottagegore,Mosscore
Cottagegore,Southern Gothic
Cottagegore,Vintage
Cottagegore,Vulture Culture
Cottagegore,Witchcore
Cottagegore,Woodland Goth
Country,Americana
Country,Cottagecore
Country,Southern Gothic
Country,Western
Crackhead,Bastardcore
Crackhead,Chaotic Academia
Crackhead,Drugcore
Crackhead,Goblincore
Crackhead,Grunge
Crackhead,Raver
Crackhead,Skater
Crackhead,Surreal Memer
Crackhead,Trashcore
Crackhead,Weirdcore
Craftcore,Cottagecore
Craftcore,Grandparentcore
Craftcore,Scrapbook
Craftcore,Art Hoe
Cripplepunk,Medicalcore
Cripplepunk,Punk
Crowcore,Black
Crowcore,Cottagecore
Crowcore,Cryptidcore
Crowcore,Dragoncore
Crowcore,Goblincore
Crowcore,Green
Crowcore,Miniaturecore
Crowcore,Mosscore
Crowcore,Naturecore
Crowcore,Pirate
Crowcore,Pixiecore
Crowcore,Vulture Culture
Crowcore,White
Crustpunk,Punk
Cryptid Academia,Adventurecore
Cryptid Academia,Cabincore
Cryptid Academia,Cryptidcore
Cryptid Academia,Dark Academia
Cryptid Academia,Goblincore
Cryptid Academia,Light Academia
Cryptid Academia,Vintage
Cryptid Academia,Witchcore
Cryptidcore,Alien
Cryptidcore,After Hours
Cryptidcore,Liminal Space
Cryptidcore,Witchcore
Cryptidcore,Goblincore
Cryptidcore,Dragoncore
Cryptidcore,Adventurecore
Cryptidcore,Vintage
Cryptidcore,Cabincore
Cryptidcore,Gloomcore
Cryptidcore,Cryptid Academia
Cryptidcore,Ghostcore
Cryptidcore,Midwest Gothic
Cryptidcore,Suburban Gothic
Cryptidcore,Deathrock
Cryptidcore,Goth
Cryptidcore,Trad Goth
Cryptidcore,Analog Horror
Cubism,Art Academia
Cubism,Avant-garde
Cubism,Modernism
Cubism,Suprematism
Cuddle Party,Lo-Fi
Cuddle Party,Kidcore
Cuddle Party,Glowwave
Cuddle Party,Party Animal
Cuddle Party,Skater
Cultcore,SacriCore
Cultcore,Traumacore
Cultcore,Weirdcore
Cultcore,Angelcore
Cultcore,Devilcore
Cultcore,Naturecore
Cultcore,Liminal Space
Cultcore,Witchcore
Cult Party Kei,Pale
Cult Party Kei,Vintage
Cult Party Kei,Fairy Kei
Cult Party Kei,Dolly Kei
Cult Party Kei,Morute
Cult Party Kei,Mori Kei
Cult Party Kei,Traumacore
Cult Party Kei,Delicate Sweet
Cyber Minimalism,Corporate Memphis
Cyber Minimalism,Cyberprep
Cyber Minimalism,Frutiger Aero
Cyber Minimalism,Minimalism
Cyber Minimalism,Gen X Soft Club
Cyberdelic,Animecore
Cyberdelic,Cyberpunk
Cyberdelic,Cyberprep
Cyberdelic,Cybergoth
Cyberdelic,Glowwave
Cyberdelic,Hippie
Cyberdelic,Kidcore
Cyberdelic,Nintencore
Cyberdelic,Psychedelica
Cyberdelic,Rainbowcore
Cyberdelic,Raver
Cyberdelic,Seapunk
Cyberdelic,Vaporwave
Cyberdelic,Y2K
Cyberghetto,Baddie
Cyberghetto,Bastardcore
Cyberghetto,Cyberdelic
Cyberghetto,Cybergoth
Cyberghetto,Cyberpunk
Cyberghetto,Drugcore
Cyberghetto,E-Boy
Cyberghetto,E-Girl
Cyberghetto,Hip-Hop
Cyberghetto,Holosexual
Cyberghetto,Hyperpop
Cyberghetto,Kawaii
Cyberghetto,Raver
Cyberghetto,Scene
Cyberghetto,Seapunk
Cyberghetto,Vaporwave
Cyberghetto,Y2K
Cybergoth,Cyberpop
Cybergoth,Cyberpunk
Cybergoth,Goth
Cybergoth,Mallgoth
Cybergoth,Post-Apocalyptic
Cybergoth,Techwear
Cybergrunge,Cyberpunk
Cybergrunge,Grunge
Cyberpop,Atompunk
Cyberpop,Club Kids
Cyberpop,Cybergoth
Cyberpop,Cyberprep
Cyberpop,Decora
Cyberpop,Raver
Cyberpop,Y2K
Cyberprep,Abstract Tech
Cyberprep,Cyberpop
Cyberprep,Cyberpunk
Cyberprep,Frutiger Aero
Cyberprep,Preppy
Cyberprep,Cyber Minimalism
Cyberprep,Hexatron
Cyberpunk,Abstract Tech
Cyberpunk,Afrofuturism
Cyberpunk,Animecore
Cyberpunk,Atompunk
Cyberpunk,Biopunk
Cyberpunk,Black
Cyberpunk,Bronzepunk
Cyberpunk,Carcore
Cyberpunk,Clockpunk
Cyberpunk,Cyberdelic
Cyberpunk,Cybergoth
Cyberpunk,Cyberghetto
Cyberpunk,Cybergrunge
Cyberpunk,Cyberpop
Cyberpunk,Dieselpunk
Cyberpunk,Futurism
Cyberpunk,Glowwave
Cyberpunk,Hustlewave
Cyberpunk,Lunarpunk
Cyberpunk,Milleniwave
Cyberpunk,Old Web
Cyberpunk,Post-Apocalyptic
Cyberpunk,Punk
Cyberpunk,Raver
Cyberpunk,Retro-Futurism
Cyberpunk,Solarpunk
Cyberpunk,Steampunk
Cyberpunk,Synthwave
Cyberpunk,Technocore
Cyberpunk,Techwear
Cyberpunk,Tupinipunk
Cyberpunk,Vaporwave
Cyberpunk,New Romantic
Danish Pastel,Cottagecore
Danish Pastel,Plant Mom
Danish Pastel,VSCO
Dark Paradise,After Hours
Dark Paradise,Dark Academia
Dark Paradise,Darkest Academia
Dark Paradise,Dark Naturalism
Dark Paradise,Gloomcore
Dark Paradise,Indie
Dark Paradise,Liminal Space
Dark Paradise,Lo-Fi
Dark Paradise,Rainy Day
Dark Paradise,Wanderlust
Dark Paradise,Northerness
Dark Paradise,Coffinwood
Dark Academia,Beatnik
Dark Academia,Post-Punk
Dark Academia,Indie
Dark Academia,Preppy
Dark Academia,Mod
Dark Academia,Art Academia
Dark Academia,Chaotic Academia
Dark Academia,Classic Academia
Dark Academia,Cryptid Academia
Dark Academia,Dark Paradise
Dark Academia,Darkest Academia
Dark Academia,Dark Jock
Dark Academia,Fairy Academia
Dark Academia,Gothic
Dark Academia,Light Academia
Dark Academia,Musical Academia
Dark Academia,Natural Philosophy
Dark Academia,Pastel Academia
Dark Academia,Romantic Academia
Dark Academia,Studyblr
Dark Academia,Studyplace
Dark Academia,Theatre Academia
Dark Academia,Victorian
Dark Academia,Writer Academia
Dark Academia,Alternative
Dark Academia,Androgynous
Dark Naturalism,Black
Dark Naturalism,Dark Academia
Dark Naturalism,Dark Paradise
Dark Naturalism,Ethereal
Dark Naturalism,Gloomcore
Dark Naturalism,Natural Philosophy
Dark Naturalism,Naturecore
Dark Naturalism,Cabincore
Dark Naturalism,Coffinwood
Dark Nautical,Cottagecore
Dark Nautical,Forestpunk
Dark Nautical,Nautical
Dark Nautical,Ocean Grunge
Dark Nautical,Pirate
Dark Nautical,Selkiecore
Dark Nautical,Witchcore
Dark Nautical,Reefwave
Dark nymphet,Nymphet
Dark nymphet,Gothic Lolita
Dark nymphet,Kinderwhore
Dark nymphet,Dethereal
Darkest Academia,Dark Academia
Darkest Academia,Dark Paradise
Darkest Academia,Goth
Darkest Academia,Studyblr
Darkest Academia,Studyplace
Darkest Academia,Victorian
Darkest Academia,Post-Punk
Dazecore,After Hours
Dazecore,Cloudcore
Dazecore,Comfy/Cozy
Dazecore,Cuddle Party
Dazecore,Dreamy
Dazecore,Dullcore
Dazecore,Geek
Dazecore,Lo-Fi
Dazecore,Minimalism
Dazecore,Ocean Grunge
Dazecore,Spacecore
Dazecore,Urbancore
Decora,Cyberpop
Decora,Fairy Kei
Decora,Kidcore
Decora,Pop Kei
Decora,Oshare Kei
Decora,Pastel
Decora,Rainbowcore
Decopunk,Art Deco
Decopunk,Atompunk
Decopunk,Dieselpunk
Decopunk,Steampunk
Desertwave,Adventurecore
Desertwave,Americana
Desertwave,Cryptid Academia
Desertwave,Heatwave
Desertwave,Prairiecore
Desertwave,Synthwave
Desertwave,Western
De Stijl,Art Academia
De Stijl,Black
De Stijl,Blue
De Stijl,Red
De Stijl,White
De Stijl,Yellow
Dethereal,Ethereal
Dethereal,Gothic Lolita
Dethereal,Dark Naturalism
Dethereal,Dark Nymphet
Dethereal,Dark Paradise
Devilcore,Angelcore
Devilcore,Casino
Devilcore,Gorecore
Devilcore,Hatecore
Devilcore,Goth
Devilcore,Gothcore
Devilcore,SacriCore
Lustcore,Stripcore
Lustcore,Femme Fatale
Lustcore,Lovecore
Lustcore,Slutcore
Lustcore,Dionysism
Diner,Americana
Diner,Foodie
Diner,Glowwave
Diner,Vintage
Dieselpunk,Atompunk
Dieselpunk,Decopunk
Dieselpunk,Steampunk
Dieselpunk,Steelpunk
Dolly  Kei,Cult Party Kei
Dolly  Kei,Mori Kei
Dolly  Kei,Cottagecore
Dracopunk,Dragoncore
Dracopunk,Cottagegore
Dracopunk,Cottagecore
Dracopunk,Goblincore
Dragoncore,Crowcore
Dragoncore,Fantasy
Dragoncore,Game Night
Dragoncore,Goblincore
Dragoncore,Naturecore
Dragoncore,Otherkin
Dragoncore,Pearly
Dragoncore,Ravencore
Dragoncore,Witchcore
Dreamy,After Hours
Dreamy,Angelcore
Dreamy,Cloudcore
Dreamy,Comfy/Cozy
Dreamy,Cuddle Party
Dreamy,Dazecore
Dreamy,Ethereal
Dreamy,Glowwave
Dreamy,Holosexual
Dreamy,Liminal Space
Dreamy,Lo-Fi
Dreamy,Nostalgiacore
Dreamy,Poolcore
Dreamy,Rainbowcore
Dreamy,Spacecore
Dreamy,Surrealism
Dreamy,Synthwave
Dreamy,Traumacore
Dreamy,Vaporwave
Dreamy,Weirdcore
Dreamy,Yume Kawaii
Dreamy,Woodland Goth
Dreamy,Dethereal
Drugcore,Animecore
Drugcore,Dreamy
Drugcore,Party Animal
Drugcore,Grunge
Drugcore,Kinderwhore
Drugcore,Medicalcore
Drugcore,Psychedelica
Drugcore,Raver
Drugcore,Sadpeople
Drugcore,Stripcore
Drugcore,Trashcore
Drugcore,Traumacore
Drugcore,Vaporwave
Dual Kawaii,Black
Dual Kawaii,Gothcore
Dual Kawaii,Happycore
Dual Kawaii,Kawaii
Dual Kawaii,Kuromicore
Dual Kawaii,Larme Kei
Dual Kawaii,Pastel
Dual Kawaii,Pastel Goth
Dual Kawaii,Pink
Dual Kawaii,Traumacore
Dual Kawaii,Yume Kawaii
Dual Kawaii,Yami Kawaii
Dual Kawaii,Angelcore
Dullcore,After Hours
Dullcore,Dark Academia
Dullcore,Dark Paradise
Dullcore,Dazecore
Dullcore,Gloomcore
Dullcore,Grey
Dullcore,Lo-Fi
Dullcore,Rainy Day
Dullcore,Sizz
Dullcore,Zombiecore
E-Boy,Animecore
E-Boy,Art Hoe
E-Boy,Drainer
E-Boy,E-Girl
E-Boy,Emo
E-Boy,Geek
E-Boy,Mallgoth
E-Boy,Grunge
E-Boy,Nu-Metal
E-Boy,Pastel Goth
E-Boy,Sadpeople
E-Boy,Scene
E-Boy,Surf Crush
E-Boy,VSCO
E-Girl,Animecore
E-Girl,Art Hoe
E-Girl,E-Boy
E-Girl,Emo
E-Girl,Erokawa
E-Girl,Geek
E-Girl,Mallgoth
E-Girl,Grunge
E-Girl,Nu-Metal
E-Girl,Pastel Goth
E-Girl,Sadpeople
E-Girl,Scene
E-Girl,Surf Crush
E-Girl,VSCO
ElectroPop 08,Frutiger Aero
ElectroPop 08,McBling
ElectroPop 08,Milleniwave
ElectroPop 08,Poolcore
ElectroPop 08,Tikicore
ElectroPop 08,VSCO
ElectroPop 08,Y2K
ElectroPop 08,Superflat Pop
Electro Swing,Flapper
Electro Swing,Lounge
Emo,E-Boy
Emo,E-Girl
Emo,Goth
Emo,Grunge
Emo,Halloween
Emo,Hipster
Emo,Midwest Emo
Emo,Nu-Metal
Emo,Punk
Emo,Scene
Equestrian,Western
Erokawa,Animecore
Erokawa,Babygirl
Erokawa,E-Girl
Erokawa,Kawaii
Erokawa,Neko
Erokawa,Yandere
Ethereal,Auroracore
Ethereal,Angelcore
Ethereal,Cottagecore
Ethereal,Warmcore
Ethereal,Fairycore
Ethereal,Pastel
Ethereal,Princesscore
Ethereal,Softie
Ethereal,Princesscore
Ethereal,Princecore
Ethereal,Royalcore
Ethereal,Classic Lolita
Ethereal,Lolita
Ethereal,Dreamy
Ethereal,Pink Princess
Ethereal,Mori Kei
Ethereal,Delicate Sweet
Expressionism,Art Academia
Expressionism,Avant-garde
Fairy Academia,Bloomcore
Fairy Academia,Butterfly
Fairy Academia,Cottagecore
Fairy Academia,Dark Academia
Fairy Academia,Darkest Academia
Fairy Academia,Fairy Tale
Fairy Academia,Fairycore
Fairy Academia,Naturecore
Fairy Academia,Shabby Chic
Fairy Academia,Studyblr
Fairy Academia,Studyplace
Fairy Academia,Victorian
Fairy Academia,Vintage
Fairycore,Mythpunk
Fairycore,Fairy Tale
Fairycore,Art Nouveau
Fairycore,Bloomcore
Fairycore,Cottagecore
Fairycore,Earthcore
Fairycore,Ethereal
Fairycore,Fairy Academia
Fairycore,Fantasy
Fairycore,Goblincore
Fairycore,Mushroomcore
Fairycore,Naturecore
Fairycore,Nymphet
Fairycore,Spriggancore
Fairycore,Pastel
Fairycore,Pixiecore
Fairycore,Plant Mom
Fairycore,Princesscore
Fairycore,Softie
Fairycore,Sparklecore
Fairycore,Woodland Goth
Fairycore,Romantic Academia
Fairycore,Ballet Academia
Fairycore,Fairy Grunge
Fairycore,Celtic
Fairy Kei,Pastel
Fairy Kei,Vintage
Fairy Kei,Yume Kawaii
Fairy Kei,Decora
Fairy Kei,Cult Party Kei
Fairy Kei,Unicorncore
Fairy Tale,Adventurecore
Fairy Tale,Cottagecore
Fairy Tale,Dark Fantasy
Fairy Tale,Dragoncore
Fairy Tale,Ethereal
Fairy Tale,Fantasy
Fairy Tale,Fairycore
Fairy Tale,Fairy Academia
Fairy Tale,Hermaphroditus
Fairy Tale,Medieval Fantasy
Fairy Tale,Naturecore
Fairy Tale,Princesscore
Fairy Tale,Woodland Goth
Fanfare,Clowncore
Fanfare,Glowwave
Fanfare,Wormcore
Fantasy,Adventurecore
Fantasy,Animecore
Fantasy,Bardcore
Fantasy,Cartooncore
Fantasy,Dark Fantasy
Fantasy,Dragoncore
Fantasy,Game Night
Fantasy,Knightcore
Fantasy,Rangercore
Fantasy,Witchcore
Fantasy,Wizardcore
Fantasy Astronomy,Mad Scientist
Fantasy Astronomy,Science Academia
Fantasy Astronomy,Spacecore
Fantasy Astronomy,Wizardcore
Fashwave,Cottagecore
Fashwave,Geek
Fashwave,Incel
Fashwave,Laborwave
Fashwave,Nazi Chic
Fashwave,Punk
Fashwave,Synthwave
Fashwave,Vaporwave
Fauvism,Art Academia
Fauvism,Art Nouveau
Fauvism,Cubism
Fauvism,Impressionism
Fauvism,Modernism
Fauvism,Post-Impressionism
Fawncore,Bloomcore
Fawncore,Cottagecore
Fawncore,Mori Kei
Fawncore,Naturecore
Fawncore,Pastel
Femme Fatale,Baddie
Femme Fatale,Boujee
Femme Fatale,Bubblegum Bitch
Femme Fatale,Cherry Emoji Twitter
Femme Fatale,Devilcore
Femme Fatale,Pin-up
Femme Fatale,Italian Mafia
Femme Fatale,Old Hollywood
Femme Fatale,Vintage
Film Noir,After Hours
Film Noir,Femme Fatale
Film Noir,Italian Mafia
Film Noir,Spy Fiction
Film Noir,Concore
Film Noir,Heistcore
Flapper,Americana
Flapper,Art Deco
Flapper,Electro Swing
Flapper,Modernism
Flapper,Old Hollywood
Flapper,Vintage
Foodie,Animecore
Foodie,Candycore
Foodie,Coffee House/Cafe
Foodie,Honeycore
Foodie,Jamcore
Foodie,Kidcore
Foodie,Hallyu
Foodie,Lovecore
Foodie,Milk
Foodie,Peach
Foodie,Rainbowcore
Foodie,Tropical
Foodie,Vacation Dadcore
Foodie,Cherry Emoji Twitter
Forestpunk,Cabincore
Forestpunk,Cottagecore
Forestpunk,Cryptidcore
Forestpunk,Earthcore
Forestpunk,Mori Kei
Forestpunk,Mosscore
Forestpunk,Naturecore
Forestpunk,Natural Philosophy
Forestpunk,Solarpunk
French Girl,Chic Modernist
French Girl,Indie
Fruity,Cottagecore
Fruity,Peach
Fruity,Honeycore
Fruity,Tropical
Fruity,Jamcore
Fruity,Bloomcore
Frutiger Aero,Abstract Tech
Frutiger Aero,Corporate
Frutiger Aero,Corporate Memphis
Frutiger Aero,Cyber Minimalism
Frutiger Aero,Cyberprep
Frutiger Aero,ElectroPop 08
Frutiger Aero,Funky Seasons
Frutiger Aero,Hexatron
Frutiger Aero,Holosexual
Frutiger Aero,McBling
Frutiger Aero,Minimalism
Frutiger Aero,Old Web
Frutiger Aero,Superflat Pop
Frutiger Aero,Surf Crush
Frutiger Aero,Technozen
Frutiger Aero,Y2K
Furry,Kidcore
Furry,Juggalo
Futago,Lolita
Futurism,Art Deco
Futurism,Cubism
Futurism,Cyberpunk
Futurism,Cyberprep
Futurism,Modernism
Futurism,Surrealism
Futurism,Vorticism
Gadgetpunk,Animecore
Gadgetpunk,Cartooncore
Gadgetpunk,Cyberpunk
Gadgetpunk,Junkpunk
Gadgetpunk,Science Academia
Gadgetpunk,Steampunk
Gadgetpunk,Tinkercore
Game Night,Casino
Game Night,Cuddle Party
Game Night,Geek
Game Night,Kidcore
Game Night,Nerd
Game Night,Nostalgiacore
Game Night,Party Animal
Gamercore,Kawaii Gamer
Gamercore,Nintencore
Gamine,Androgynous
Geek,Animecore
Geek,Cartooncore
Geek,Fantasy
Geek,Game Night
Geek,Kidcore
Geek,Nerd
Geek,Normcore
Geek,Weirdcore
Gen X Soft Club,Y2K
Gen X Soft Club,Urbancore
Gen X Soft Club,Technozen
Gen X Soft Club,Minimalism
Gen X Soft Club,Cyber Minimalism
Gen X Soft Club,Britpop
Gen X Soft Club,Raver
Gen X Soft Club,Holosexual
Ghostcore,Coffinwood
Ghostcore,Cottagegore
Ghostcore,Cryptidcore
Ghostcore,Dark Naturalism
Ghostcore,Dullcore
Ghostcore,Ethereal
Ghostcore,Goth
Ghostcore,Goblincore
Ghostcore,Gloomcore
Ghostcore,Horror
Ghostcore,Voidpunk
Ghostcore,Weirdcore
Girl-Next-Door,VSCO
Girl-Next-Door,Softie
Girl-Next-Door,Nymphet
Girl-Next-Door,Larme Kei
Girl-Next-Door,2014-era tumblr
Girl-Next-Door,Princesscore
Glam Girl,Baddie
Glam Girl,Boujee
Glam Girl,Cherry Emoji Twitter
Glam Girl,Chic Modernist
Glam Girl,Femme Fatale
Glam Girl,Pearly
Glam Rock,Rock
Glam Rock,Alternative
Glam Rock,Metal
Glam Rock,Drugcore
Glam Rock,Goth
Glam Rock,Vaporwave
Glam Rock,Punk
Glam Rock,New Romantic
Glam Rock,Deathrock
Glam Rock,Trad Goth
Glitch,Cuddle Party
Glitch,Glowwave
Glitch,Hatecore
Glitch,Lo-Fi
Glitch,Raver
Glitch,Synthwave
Glitch,Vaporwave
Glitch,Vintage
Glitch,Y2K
Glitch,Mind Murder
Gloomcore,Cryptidcore
Gloomcore,Dark Naturalism
Gloomcore,Dullcore
Gloomcore,Goblincore
Gloomcore,Mosscore
Gloomcore,Naturecore
Gloomcore,Ocean Grunge
Gloomcore,Rainy Day
Glowwave,Acidwave
Glowwave,Acid Pixie
Glowwave,Alien
Glowwave,Club
Glowwave,Cuddle Party
Glowwave,Cyberdelic
Glowwave,Cybergoth
Glowwave,Cyberprep
Glowwave,Cyberpunk
Glowwave,Dreamy
Glowwave,Glitch
Glowwave,Heatwave
Glowwave,Hippie
Glowwave,Kidcore
Glowwave,Lo-Fi
Glowwave,Poolcore
Glowwave,Milleniwave
Glowwave,Old Web
Glowwave,Party Animal
Glowwave,Psychedelica
Glowwave,Raver
Glowwave,Synthwave
Glowwave,Vaporwave
Glowwave,Vintage
Goblincore,Adventurecore
Goblincore,Cottagecore
Goblincore,Crackhead
Goblincore,Crowcore
Goblincore,Dragoncore
Goblincore,Earthcore
Goblincore,Miniaturecore
Goblincore,Mushroomcore
Goblincore,Natural Philosophy
Goblincore,Soggy
Goblincore,Vulture Culture
Goblincore,Witchcore
Goblin Academia,Cottagecore
Goblin Academia,Dark Academia
Goblin Academia,Goblincore
Goblin Academia,Fairy Academia
Goblin Academia,Light Academia
Golden Age of Detective Fiction,Old Money
Golden Age of Detective Fiction,Dark Academia
Golden Age of Detective Fiction,Gothic
Golden Hour,After Hours
Golden Hour,Cloudcore
Golden Hour,Dazecore
Golden Hour,Dreamy
Golden Hour,Lo-Fi
Golden Hour,Summer
Golden Hour,Tropical
Golden Hour,Vaporwave
Golden Hour,VSCO
Gopnikcore,Chav
Gorecore,Devilcore
Gorecore,Hatecore
Gorecore,Horror
Gorecore,Red
Goth,Deathrock
Goth,Glam Rock
Goth,Post-Punk
Goth,Punk
Goth,Shoegaze
Goth,Trad Goth
Goth,Bubble Goth
Goth,Christcore
Goth,Cybergoth
Goth,Darkest Academia
Goth,Gothic
Goth,Nu-Goth
Goth,Punk
Goth,Romantic Goth
Goth,Southern Gothic
Goth,Synthwave
Goth,Woodland Goth
Goth,New Romantic
Goth,Glam Rock
Goth,Suburban Gothic
Goth,Midwest Gothic
Goth,Anglo Gothic
Gothcore,Devilcore
Gothcore,Emo
Gothcore,Goth
Gothcore,Metalcore
Gothcore,Punk
Gothcore,Vampire
Gothcore,Witchcore
Gothic,Dark Academia
Gothic,Darkest Academia
Gothic,Goth
Gothic,Horror
Gothic,Regional Gothic
Gothic,Vampire
Grandmillenial,Preppy
Grandmacore,Bloomcore
Grandmacore,Cottagecore
Grandmacore,Craftcore
Grandmacore,Foodie
Green Academia,Campcore
Green Academia,Dark Academia
Green Academia,Earthcore
Green Academia,Hikecore
Green Academia,Light Academia
Green Academia,Naturecore
Green Academia,Plant Mom
Green Academia,Vulture Culture
Grunge,Alternative
Grunge,Bastardcore
Grunge,Cybergrunge
Grunge,E-Girl
Grunge,E-Boy
Grunge,Emo
Grunge,Indie
Grunge,Kinderwhore
Grunge,Metal
Grunge,Nu-Metal
Grunge,Ocean Grunge
Grunge,Pale
Grunge,Punk
Grunge,Rusticcore
Grunge,Scrapper
Grunge,Scene
Grunge,Thriftcore
Grunge,Urbancore
Grunge,Vintage
Grunge,2014-era tumblr
Gurokawa,Halloween
Gurokawa,Horror
Gurokawa,Macaute
Gurokawa,Pastel Goth
Gurokawa,Yami Kawaii
Gurokawa,Yandere
Gurokawa,Superflat Pop
Gyaru,Bodikon
Gyaru,Sukeban
Gyaru,McBling
Gyaru,Cagole
Gyaru,Pink
Gyaru,Bimbo Casual
Gyaru,Larme Kei
Gyaru,Schoolgirl Lifestyle
Gyaruo,Chav
Gyaruo,Racaille
Hallyu,Androgynous
Hallyu,New Romantic
Hallyu,Synthwave
Hallyu,Babygirl
Hallyu,Softie
Hallyu,Stans
Hallyu,Ulzzang
Hauntology,Liminal Space
Hauntology,Lo-Fi
Hauntology,Nostalgiacore
Hauntology,Vaporwave
Halloween,Gurokawa
Halloween,Horror
Halloween,Kidcore
Halloween,Vampire
Halloween,Witchcore
Happycore,Caninecore
Happycore,Craftcore
Happycore,Cuddle Party
Happycore,Comfy/Cozy
Happycore,Lo-Fi
Happycore,Nostalgiacore
Happycore,Pastel
Happycore,Rainbowcore
Happycore,Scrapbook
Happycore,Tweencore
Happycore,Warmcore
Happycore,Kawaii
Hatecore,Bastardcore
Hatecore,Devilcore
Hatecore,Glitch
Hatecore,Gorecore
Hatecore,Lovecore
Hatecore,Medicalcore
Hatecore,Punk
Hatecore,Traumacore
Hatecore,Trashcore
Haussmann Paris,Vintage Parisian
Health Goth,Black
Health Goth,Goth
Health Goth,Minimalism
Health Goth,White
Heatwave,Desertwave
Heatwave,Glowwave
Heatwave,Natural Philosophy
Heatwave,Naturecore
Heatwave,Red
Heatwave,Summer
Heatwave,Tropical
Heatwave,Warmcore
Heistcore,Concore
Heistcore,Old Money
Heistcore,Golden Age of Detective Fiction
Hellenic,Classicism
Hellenic,Dionysism
Hellenic,Hermaphroditus
Hellenic,Lovecore
Hellenic,Witchy Academia
Hellenic,Witchcore
Hellenic,Cottagecore
Hellenic,Angelcore
Hellenic,Fashwave
Hermaphroditus,Angelcore
Hermaphroditus,Classicism
Hermaphroditus,Cloudcore
Hermaphroditus,Dreamy
Hermaphroditus,Ethereal
Hermaphroditus,Fairy Tale
Hermaphroditus,Fantasy
Hermaphroditus,Hellenic
Hermaphroditus,New Age
Hermaphroditus,Nymphet
Hermaphroditus,Softie
High School Dream,Americana
High School Dream,Brocore
High School Dream,Drugcore
High School Dream,Geek
High School Dream,Goth
High School Dream,Hot Topic
High School Dream,Lo-Fi
High School Dream,Normcore
High School Dream,Nostalgiacore
High School Dream,Nu-Metal
High School Dream,Preppy
High School Dream,Punk
High School Dream,VSCO
Hikecore,Adventurecore
Hikecore,Cabincore
Hikecore,Cottagecore
Hikecore,Earthcore
Hikecore,Goblincore
Hikecore,Naturecore
Hip-Hop,Casino
Hip-Hop,Club
Hip-Hop,Lo-Fi
Hip-Hop,Stripcore
Hip-Hop,Urbancore
Hip-Hop,Vintage
Hip-Hop,Trillwave
Hippie,Afrofuturism
Hippie,Art Hoe
Hippie,Beatnik
Hippie,Craftcore
Hippie,Drugcore
Hippie,Glowwave
Hippie,Grunge
Hippie,Lovecore
Hippie,Punk
Hippie,Psychedelica
Hippie,Stoner
Hippie,Vintage
Hipster,Beatnik
Hipster,Indie
Hipster,Indie Sleaze
Hipster,Minimalism
Hipster,Nerd
Hipster,Normcore
Hipster,Nu-Goth
Hipster,Wild Child
Hipster,Folk Punk
Hipster,Scene
Hipster,Vintage
Historical Americana,Americana
Historical Americana,Classicism
Holosexual,Baddie
Holosexual,Carcore
Holosexual,Grunge
Holosexual,Raver
Holosexual,Rainbowcore
Holosexual,Seapunk
Holosexual,Vaporwave
Holosexual,Y2K
Honeycore,Yellow
Honeycore,Warmcore
Honeycore,Cottagecore
Honeycore,Witchcore
Honeycore,Foodie
Honeycore,Comfy/Cozy
Horror,Clowncore
Horror,Devilcore
Horror,Gorecore
Horror,Gurokawa
Horror,Halloween
Horror,Hatecore
Horror,Hip-Hop
Horror,Metal
Horror,Nu-Metal
Horror,Vampire
Horror,Werewolf
Horror,Witchcore
Horror Academia,Dark Academia
Horror Academia,Darkest Academia
Horror Academia,Chaotic Academia
Horror Academia,Horror
Horror Academia,Grunge
Hot Topic,Mallgoth
Hot Topic,Animecore
Hot Topic,Cartooncore
Hot Topic,Cybergoth
Hot Topic,Cyberpunk
Hot Topic,E-Boy
Hot Topic,E-Girl
Hot Topic,Emo
Hot Topic,Geek
Hot Topic,Gothcore
Hot Topic,Grunge
Hot Topic,Hallyu
Hot Topic,Lounge
Hot Topic,Nu-Metal
Hot Topic,Punk
Hot Topic,Raver
Hot Topic,Scene
Hot Topic,2014-era tumblr
Hot Topic,Vampire
Hustlewave,Americana
Hustlewave,Cyberprep
Hustlewave,Cyberpunk
Hustlewave,Laborwave
Hustlewave,Vaporwave
Hydrogen,Liminal Space
Hydrogen,Retro-Futurism
Hydrogen,Spacecore
Hydrogen,Surrealism
Hyperpop,Animecore
Hyperpop,Baddie
Hyperpop,E-Boy
Hyperpop,E-Girl
Hyperpop,ElectroPop 08
Hyperpop,Icepunk
Hyperpop,McBling
Hyperpop,Raver
Hyperpop,Seapunk
Hyperpop,Slimepunk
Hyperpop,Vaporwave
Hyperpop,Y2K
Icepunk,Cleancore
Icepunk,Holosexual
Icepunk,Poolcore
Icepunk,Seapunk
Icepunk,Vaporwave
Icepunk,Winter
Impressionism,Art Academia
Impressionism,Post-Impressionism
Impressionism,Realism
Indie,Dark Academia
Indie,Light Academia
Indie,Romantic Academia
Indie,Alternative
Indie,Cuddle Party
Indie,Dark Paradise
Indie,Dreamy
Indie,Grunge
Indie,Lo-Fi
Indie,Nostalgiacore
Indie,Pale
Indie,Pastel
Indie,Shoegaze
Indie,Skater
Indie,Vaporwave
Indie,Vintage
Indie,Y2K
Internet Academia,Chaotic Academia
Internet Academia,Art Academia
Internet Academia,Dark Academia
Internet Academia,Studyblr
Internet Academia,Comfy/Cozy
Internet Academia,Studyplace
Internet Academia,Dreamy
Italian Mafia,Boujee
Italian Mafia,Casino
Italian Mafia,Club
Italian Mafia,Drugcore
Italian Mafia,Femme Fatale
Italian Mafia,Jersey Shore
Italian Mafia,Playboy
Italian Mafia,Romantic Italian
Italian Mafia,Scrapper
Italian Mafia,Teddies
Italian Mafia,Yakuza
Jamcore,Art Hoe
Jamcore,Bloomcore
Jamcore,Cottagecore
Jamcore,Fairycore
Jamcore,Foodie
Jamcore,Grandparentcore
Jamcore,Honeycore
Jamcore,Naturecore
Jersey Shore,Baddie
Jersey Shore,Cagole
Jersey Shore,Chav
Jersey Shore,Racaille
Joyride,After Hours
Joyride,Carcore
Joyride,Dark Paradise
Joyride,Rainy Day
Juggalo,Clowncore
Juggalo,Furry
Juggalo,Hip-Hop
Juggalo,Horror
Juggalo,Nu-Metal
Junglecore,Cyan
Junglecore,Green
Junglecore,Summer
Junglecore,Tropical
Junglecore,Natural Philosophy
Junglecore,Naturecore
Junglecore,Adventurecore
Junglecore,Earthcore
Junglecore,Bohemian
Junglecore,Paleocore
Salvagepunk,Gadgetpunk
Salvagepunk,Post-Apocalyptic
Salvagepunk,Soft Apocalypse
Karasu Zoku,Nu-Goth
Karasu Zoku,Goth
Karasu Zoku,Dark Paradise
Kawaii,Anime
Kawaii,Babycore
Kawaii,Erokawa
Kawaii,Gurokawa
Kawaii,Happycore
Kawaii,Kawaii Gamer
Kawaii,Lovecore
Kawaii,Magical Girls
Kawaii,Milk
Kawaii,Pastel
Kawaii,Pastel Goth
Kawaii,Sanriocore
Kawaii,Unicorncore
Kawaii,Yami Kawaii
Kawaii,Yume Kawaii
Kawaii,Pastel Academia
Kawaii Gamer,Kawaii
Kawaii Gamer,Lo-Fi
Kidcore,Cleancore
Kidcore,Old Web
Kidcore,Clowncore
Kidcore,Pop Kei
Kidcore,Decora
Kidcore,Cuddle Party
Kidcore,Tweencore
Kidcore,Real Life Super Hero
Kidcore,Glowwave
Kidcore,Rainbowcore
Kidcore,Nostalgiacore
Kidcore,Sanriocore
Kidcore,Memphis
Kid Science,Kidcore
Kid Science,Science Academia
Kid Science,Utopian Scholastic
Kinderwhore,Babycore
Kinderwhore,Babygirl
Kinderwhore,Grunge
Kinderwhore,Morute
Kinderwhore,Nymphet
Kinderwhore,Punk
Kinderwhore,Thriftcore
Kinderwhore,Trailer Park Princess
Kinderwhore,Traumacore
Kinderwhore,Vintage
Kinderwhore,Yami Kawaii
Kingcore,Knightcore
Kingcore,Princecore
Kingcore,Princesscore
Kingcore,Queencore
Kingcore,Rangercore
Kingcore,Royalcore
Kingcore,Lolita
Kingcore,Ballet Academia
Kingcore,Fantasy
Kingcore,New Romantic
Kingcore,Woodland Goth
Knightcore,Kingcore
Knightcore,Princecore
Knightcore,Princesscore
Knightcore,Queencore
Knightcore,Rangercore
Knightcore,Royalcore
Knightcore,Bardcore
Kogal,Gyaru
Kogal,Kawaii
Kogal,High School Dream
Kogal,Schoolgirl Lifestyle
Kogal,Erokawa
Kuromicore,Animecore
Kuromicore,Dual Kawaii
Kuromicore,Kawaii
Kuromicore,Kidcore
Kuromicore,Pastel
Kuromicore,Pastel Goth
Kuromicore,Sanriocore
Kuromicore,Traumacore
Labcore,Vaporwave
Labcore,Science Academia
Laborwave,Fashwave
Laborwave,Hustlewave
Laborwave,Sovietwave
Laborwave,Synthwave
Laborwave,Vaporwave
Lagenlook,Bohemian
Lagenlook,Hippie
Lagenlook,Minimalism
Lagenlook,Mori Kei
Larme Kei,Babygirl
Larme Kei,Dual Kawaii
Larme Kei,Gyaru
Larme Kei,Lovecore
Larme Kei,Nymphet
Larme Kei,Mote Kei
La Sape,Swenkas
La Sape,Metrosexual
La Sape,New Romantic
La Sape,Afrofuturism
La Sape,Afro-Victorian
Light Academia,Preppy
Light Academia,Art Academia
Light Academia,Classic Academia
Light Academia,Comfy/Cozy
Light Academia,Dark Academia
Light Academia,Green Academia
Light Academia,Romantic Academia
Light Academia,Studyblr
Light Academia,Studyplace
Light Academia,Post-Punk
Light Academia,Indie
Stormywave,Cloudcore
Stormywave,Comfy/Cozy
Stormywave,Dazecore
Stormywave,Gloomcore
Stormywave,Lo-Fi
Stormywave,Naturecore
Stormywave,Rainy Day
Stormywave,Spring
Stormywave,Summer
Stormywave,Tropical
Lil Girl,Softie
Lil Girl,Tweencore
Lil Girl,Hipster
Lil Girl,Babygirl
Lil Girl,Babycore
Lil Girl,Kidcore
Lit Kid,Kidcore
Liminal Space,Acidwave
Liminal Space,After Hours
Liminal Space,Dark Paradise
Liminal Space,Dreamcore
Liminal Space,Dreamy
Liminal Space,Glitch
Liminal Space,Hydrogen
Liminal Space,Poolcore
Liminal Space,Surrealism
Liminal Space,Traumacore
Liminal Space,Urbancore
Liminal Space,Vaporwave
Liminal Space,Weirdcore
Lo-Fi,After Hours
Lo-Fi,Animecore
Lo-Fi,Cartooncore
Lo-Fi,City Pop
Lo-Fi,Coffee House/Cafe
Lo-Fi,Cuddle Party
Lo-Fi,Dark Paradise
Lo-Fi,Dazecore
Lo-Fi,Dreamy
Lo-Fi,Ethereal
Lo-Fi,Glitch
Lo-Fi,Glowwave
Lo-Fi,Hip-Hop
Lo-Fi,Indie
Lo-Fi,Lightningwave
Lo-Fi,Milleniwave
Lo-Fi,Musical Academia
Lo-Fi,Pastel
Lo-Fi,Pastel Academia
Lo-Fi,Pop
Lo-Fi,Psychedelica
Lo-Fi,Shoegaze
Lo-Fi,Spiritcore
Lo-Fi,Synthwave
Lo-Fi,Urbancore
Lo-Fi,Vaporwave
Lo-Fi,Vintage
Lo-Fi,Weirdcore
Lolita,Gothic
Lolita,Kawaii
Lolita,Mori Kei
Lolita,Pastel
Lolita,Rococo
Lolita,Victorian
Lolita,Yume Kawaii
Lolita,Woodland Goth
Lolita,Goth
Lolita,Gothic Lolita
Lolita,Romantic Goth
Lolita,Victorian Goth
Lolita,Classic Lolita
Lolita,Sweet Lolita
Lounge,Atompunk
Lounge,Casino
Lounge,Electro Swing
Lounge,Tiki
Lounge,Tropical
Lounge,Vacation Dadcore
Lounge,Vintage
Lovecore,Angelcore
Lovecore,Anime
Lovecore,Girl-Next-Door
Lovecore,Hatecore
Lovecore,Devilcore
Lovecore,Larme Kei
Lovecore,Romantic Academia
Lovecore,Romantic Italian
Lunarpunk,Cyberpunk
Lunarpunk,Purple
Lunarpunk,Solarpunk
Lunarpunk,Synthwave
Lunarpunk,Vaporwave
Macaute,Animecore
Macaute,Emo
Macaute,Gurokawa
Macaute,Hatecore
Macaute,Kidcore
Macaute,Medicalcore
Macaute,Sanriocore
Macaute,Scene
Macaute,Vampire
Macaute,Yami Kawaii
Macaute,Candycore
Mad Scientist,Science Academia
Magewave,Wizardcore
Magewave,Acidwave
Magewave,Fantasy
Maidcore,Animecore
Maidcore,Classic Lolita
Maidcore,Cleancore
Maidcore,E-Girl
Maidcore,Femboy
Maidcore,Gothic Lolita
Maidcore,Kawaii
Maidcore,Lolita
Maidcore,Victorian Goth
Maidcore,Visual Kei
Mallgoth,Cybergoth
Mallgoth,E-Girl
Mallgoth,Emo
Mallgoth,Metal
Mallgoth,Nu-Metal
Mallgoth,Hot Topic
Mallgoth,Nu-Goth
Mallgoth,Pastel Goth
Mallgoth,Health Goth
Mallgoth,Punk
Mallgoth,Witch House
Mallgoth,Bubble Goth
Mall Ninja,Animecore
Mall Ninja,Incel
Mall Ninja,Military
Mall Ninja,Scrapper
McBling,Baddie
McBling,Boujee
McBling,Drugcore
McBling,ElectroPop 08
McBling,Frutiger Aero
McBling,Gyaru
McBling,Y2K
McBling,Indie Sleaze
McBling,Surf Crush
McBling,Mall Pop
McBling,MTV Green Sky
Medicalcore,Cripplepunk
Medicalcore,Cleancore
Medicalcore,Drugcore
Medicalcore,Plaguecore
Medicalcore,Teethcore
Medicalcore,Traumacore
Medicalcore,Science Academia
Medicalcore,Yami Kawaii
Medieval,Bardcore
MTV Green Sky,Art Hoe
MTV Green Sky,McBling
MTV Green Sky,Milleniwave
MTV Green Sky,Poolcore
MTV Green Sky,Tikicore
MTV Green Sky,VSCO
MTV Green Sky,Y2K
Memphis,Corporate Memphis
Memphis,Pop Art
Memphis,Postmodernism
Memphis,Synthwave
Memphis,Vaporwave
Memphis,Kidcore
Metal,Grunge
Metal,Nu-Metal
Metal,Psychedelica
Metal,Brocore
Metal,Goth
Metal,Synthwave
Metal,Thrasher
Metal,Vampire
Metal,Witchcore
Metalcore,Christcore
Metalcore,Emo
Metalcore,Nu-Metal
Metalcore,Punk
Metrosexual,Boujee
Metrosexual,Corporate
Metrosexual,Chic Modernist
Metrosexual,Miami Metro
Metrosexual,Playboy
Metrosexual,Androgynous
Metrosexual,New Romantic
Metrosexual,Hallyu
Miami Metro,Cartelcore
Miami Metro,Club
Miami Metro,Foodie
Miami Metro,Metrosexual
Miami Metro,Synthwave
Miami Metro,Tropical
Midwest Emo,Indie
Midwest Emo,Emo
Midwest Gothic,After Hours
Midwest Gothic,Anglo Gothic
Midwest Gothic,Cottagegore
Midwest Gothic,Cryptidcore
Midwest Gothic,Forestpunk
Midwest Gothic,Liminal Space
Midwest Gothic,Regional Gothic
Midwest Gothic,Southern Gothic
Midwest Gothic,Suburban Gothic
Military,Trenchcore
Milk,Kawaii
Milk,Babycore
Milk,Pastel
Milk,Kidcore
Milk,Grunge
Milk,Foodie
Modernism,Atompunk
Modernism,Avant-garde
Modernism,Constructivism
Modernism,Cubism
Modernism,De Stijl
Modernism,Expressionism
Modernism,Fauvism
Modernism,Flapper
Modernism,Futurism
Modernism,Impressionism
Modernism,Photorealism
Modernism,Post-Impressionism
Modernism,Postmodernism
Modernism,Purism
Modernism,Suprematism
Modernism,Surrealism
Modernism,Vorticism
Mori Kei,Cottagecore
Mori Kei,Fairycore
Mori Kei,Dolly Kei
Mori Kei,Cult Party Kei
Mori Kei,Shironuri
Mori Kei,Fawncore
Mori Kei,Lagenlook
Mori Kei,Naturecore
Mori Kei,Shabby Chic
Mori Kei,Woodland Goth
Mori Kei,Forestpunk
Mori Kei,Goblincore
Mori Kei,Lolita
Morute,Cult Party Kei
Morute,Delicate Sweet
Morute,Gothic
Morute,Kinderwhore
Morute,Midwest Gothic
Morute,Nymphet
Morute,Southern Gothic
Morute,Traumacore
Morute,Trailer Park Princess
Morute,Yami Kawaii
Mote Kei,Larme Kei
Mosscore,Bloomcore
Mosscore,Cabincore
Mosscore,Changelingcore
Mosscore,Cottagecore
Mosscore,Crowcore
Mosscore,Cryptidcore
Mosscore,Dark Academia
Mosscore,Earthcore
Mosscore,Forestpunk
Mosscore,Natural Philosophy
Mosscore,Witchcore
Mosscore,Witchy Academia
MS Paint,Old Web
MS Paint,Old Memecore
MS Paint,Furry
MS Paint,Weirdcore
Mushroomcore,Cottagecore
Mushroomcore,Naturecore
Mushroomcore,Goblincore
Mushroomcore,Mosscore
Mushroomcore,Soggy
Mushroomcore,Earthcore
Mushroomcore,Forestpunk
Mushroomcore,Natural Philosophy
Mushroomcore,Witchcore
Musical Academia,Alternative
Musical Academia,Dark Academia
Musical Academia,Grunge
Musical Academia,Indie
Musical Academia,Light Academia
Musical Academia,Lo-Fi
Musical Academia,Music
Musical Academia,Theatre Academia
Musical Academia,Theatre Kids
Musical Academia,Romantic Academia
Musical Academia,Vaporwave
Minimalism,Chic Modernist
Minimalism,Comfy/Cozy
Minimalism,Corporate Memphis
Minimalism,Cyber Minimalism
Minimalism,De Stijl
Minimalism,Purism
Minimalism,Suprematism
Minimalism,White
Indie Minimalism,De Stijl
Indie Minimalism,Indie
Pastel Minimalism,Pastel
Matcha Minimalism,Coffee House/Cafe
Matcha Minimalism,Comfy/Cozy
Matcha Minimalism,Vintage
Matcha Minimalism,Technozen
Mod,Americana
Mod,Teddies
Nanopunk,Biopunk
Nanopunk,Cyberpunk
Green Academia,Campcore
Green Academia,Dark Academia
Green Academia,Earthcore
Green Academia,Hikecore
Green Academia,Light Academia
Green Academia,Naturecore
Green Academia,Plant Mom
Green Academia,Vulture Culture
Naturecore,Adventurecore
Naturecore,Bloomcore
Naturecore,Cabincore
Naturecore,Cottagecore
Naturecore,Fairycore
Naturecore,Goblincore
Naturecore,Mori Kei
Naturecore,Mushroomcore
Naturecore,Natural Philosophy
Naturecore,Plant Mom
Naturecore,Vulture Culture
Nautical,Dark Nautical
Nautical,Lounge
Nautical,Ocean Grunge
Nautical,Pirate
Nautical,Poolcore
Nautical,Preppy
Nautical,Reefwave
Nautical,Seapunk
Nautical,Trenchcore
Nautical,Tropical
Nautical,Vacation Dadcore
Nautical,VSCO
Nautical,selkiecore
Nazi Chic,Fashwave
Nazi Chic,Military
Neko,Animecore
Neko,Erokawa
Neko,Sanriocore
Neko,Yume Kawaii
Neomilitarism,Cyberpunk
Neomilitarism,Corporate
Neomilitarism,Military
Neomilitarism,Gorpcore
Nerd,Anime
Nerd,Art Academia
Nerd,Cartooncore
Nerd,Chaotic Academia
Nerd,Cyberprep
Nerd,Cyberpunk
Nerd,English Major
Nerd,Game Night
Nerd,Geek
Nerd,Nerdcore
Nerd,Nintencore
Nerd,Spacecore
Nerd,Steampunk
Nerd,Studyblr
Nerd,Vintage
Nerd,Vintage Academia
Nerd,Web Creep
Nerd,Writer Academia
Nerdcore,Trillwave
Nerdcore,Hip-Hop
Nerdcore,Anime
New Age,Adventurecore
New Age,Earthcore
New Age,Forestpunk
New Age,Goblincore
New Age,Hermaphroditus
New Age,Hippie
New Age,Naturecore
New Age,Rainbowcore
New Age,Spacecore
New Age,Utopian Scholastic
New Age,Vaporwave
New Age,Witchcore
New Romantic,New Wave
New Romantic,Post-Punk
New Romantic,Cyberpunk
New Romantic,Rococo
New Romantic,Visual Kei
New Romantic,Glam Rock
New Romantic,City Pop
New Romantic,Hallyu
New Romantic,Vaporwave
New Romantic,Synthwave
New Romantic,Trad Goth
New Romantic,Deathrock
New Romantic,Goth
New Romantic,Club Kids
New Romantic,Film Noir
New Romantic,70s Disco
New Romantic,Mythpunk
Neo-Romanism,Hellenic
Neo-Romanism,Bronzepunk
Neo-Romanism,Sandalpunk
Neo-Romanism,Cyberpunk
Neo-Romanism,Steampunk
Neo-Romanism,Dieselpunk
Neo-Romanism,Biopunk
Neo-Romanism,Nanopunk
Neo-Romanism,Decopunk
Neo-Romanism,Atompunk
Neo-Romanism,Teslapunk
Neo-Romanism,Clockpunk
Neo-Romanism,Mythpunk
Neo-Romanism,Stonepunk
Neo-Romanism,Neo - Vikings
Neo-Romanism,Classicism
Neo-Romanism,Dionysism
Neo-Romanism,Futurism
Neo-Romanism,Classic Academia
Neo-Romanism,Art Academia
Neo-Romanism,Studyplace
Neo-Romanism,Vaporwave
Neo-Romanism,Hustlewave
Neo-Romanism,Fashwave
Neo-Romanism,Sovietwave
Neo-Romanism,Lovecore
Neo-Romanism,Poetcore
Neo-Romanism,Science Academia
Neo-Romanism,Military
Neo-Romanism,Post-Apocalyptic
Nintencore,Gamercore
Nintencore,Nostalgiacore
Normcore,Art Hoe
Normcore,Foodie
Normcore,Vacation Dadcore
Normcore,Vaporwave
Normcore,VSCO
Northerness,Adventurecore
Northerness,Cabincore
Northerness,Cottagecore
Northerness,Crowcore
Northerness,Dark Naturalism
Northerness,Dark Paradise
Northerness,Naturecore
Northerness,Rainy Day
Northerness,Vulture Culture
Nostalgiacore,Americana
Nostalgiacore,Animecore
Nostalgiacore,Cartooncore
Nostalgiacore,Cyberdelic
Nostalgiacore,Glowwave
Nostalgiacore,Hauntology
Nostalgiacore,High School Dream
Nostalgiacore,Kidcore
Nostalgiacore,McBling
Nostalgiacore,Nintencore
Nostalgiacore,Old Web
Nostalgiacore,Pastel
Nostalgiacore,Rainbowcore
Nostalgiacore,Synthwave
Nostalgiacore,Tweencore
Nostalgiacore,Vaporwave
Nostalgiacore,Vintage
Nostalgiacore,Vintage Academia
Nostalgiacore,Y2K
Nuclearcore,Military
Nymphet,Babygirl
Nymphet,Dark Nymphet
Nymphet,Kinderwhore
Nymphet,Larme Kei
Nymphet,Softie
Ocean Academia,Ocean Grunge
Ocean Grunge,After Hours
Ocean Grunge,Black
Ocean Grunge,Blue
Ocean Grunge,Dazecore
Ocean Grunge,Foodie
Ocean Grunge,Grey
Ocean Grunge,Grunge
Ocean Grunge,Liminal Space
Ocean Grunge,Naturecore
Ocean Grunge,Nautical
Ocean Grunge,Nu-Metal
Ocean Grunge,Pirate
Ocean Grunge,Poolcore
Ocean Grunge,Purple
Ocean Grunge,Reefwave
Ocean Grunge,Seapunk
Ocean Grunge,Vaporwave
Ocean Grunge,White
Ocean Grunge,Witch House
Ocean Grunge,Yellow
Ocean Grunge,Selkiecore
Old Hollywood,Art Deco
Old Hollywood,Flapper
Old Hollywood,Femme Fatale
Webcore,Animecore
Webcore,Cartooncore
Webcore,Cyberpunk
Webcore,Emo
Webcore,Frutiger Aero
Webcore,Glowwave
Webcore,Kidcore
Webcore,Nostalgiacore
Webcore,Old Memecore
Webcore,Scene
Webcore,Vaporwave
Webcore,Vintage
Webcore,Y2K
Oshare Kei,Decora
Oshare Kei,Fairy Kei
Oshare Kei,Pop Kei
Oshare Kei,Visual Kei
Pale Grunge,Cult Party Kei
Pale Grunge,Grunge
Pale Grunge,Traumacore
Pale Grunge,Sadpeople
Pale Grunge,2014-era tumblr
Palewave,Normcore
Palewave,Vaporwave
Paleocore,Adventurecore
Paleocore,Cryptidcore
Paleocore,Dinocore
Paleocore,Junglecore
Paleocore,Natural Philosophy
Paleocore,Science Academia
Paleocore,Vulture Culture
Party Animal,Club
Party Animal,Club Kids
Party Animal,Brocore
Party Animal,Preppy
Party Animal,Drugcore
Party Animal,Raver
Party Animal,Normcore
Party Animal,Cuddle Party
Party Animal,Bastardcore
Party Kei,Pastel
Party Kei,Kawaii
Party Kei,Babycore
Party Kei,Kidcore
Party Kei,Fairy Kei
Party Kei,Pop Kei
Party Kei,Decora
Pastel,Babycore
Pastel,Bubblegum Witch
Pastel,Dual Kawaii
Pastel,Fairy Kei
Pastel,Kawaii
Pastel,Lil Girl
Pastel,Lolita
Pastel,Pastel Academia
Pastel,Pastel Goth
Pastel,Pastel Punk
Pastel,Pearly
Pastel,Sanriocore
Pastel,Shabby Chic
Pastel,Softie
Pastel,Yume Kawaii
Pastel Academia,Art Academia
Pastel Academia,Classic Academia
Pastel Academia,Fairy Academia
Pastel Academia,Happycore
Pastel Academia,Kawaii
Pastel Academia,Light Academia
Pastel Academia,Lolita
Pastel Academia,Pastel
Pastel Academia,Romantic Academia
Pastel Academia,Studyblr
Pastel Academia,Studyplace
Pastel Academia,Theatre Academia
Pastel Academia,Vibrant Academia
Pastel Goth,Dual Kawaii
Pastel Goth,Goth
Pastel Goth,Gurokawa
Pastel Goth,Kawaii
Pastel Goth,Lolita
Pastel Goth,Nu-Goth
Pastel Goth,Pastel
Pastel Goth,Pastel Punk
Pastel Goth,Yami Kawaii
Pastel Punk,Pastel
Pastel Punk,Pastel Goth
Pastel Punk,Punk
Pastel Punk,Yume Kawaii
Pastel Punk,Unicorncore
Modern Peach,Kawaii
Modern Peach,Lo-Fi
Vintage Peach,Comfy/Cozy
Vintage Peach,Cottagecore
Vintage Peach,Warmcore
Pearly,Angelcore
Pearly,Boujee
Pearly,Hellenic
Pearly,Nautical
Pearly,Pastel
Pearly,Pirate
Pearly,Reefwave
Peoplehood,Art Hoe
Peoplehood,Cottagecore
Peoplehood,Light Academia
Photorealism,Art Academia
Photorealism,Art Hoe
Photorealism,Avant-garde
Photorealism,Minimalism
Photorealism,Modernism
Photorealism,Pop Art
Photorealism,Realism
Vintage Parisian,Angelcore
Vintage Parisian,Boujee
Vintage Parisian,Chic Modernist
Vintage Parisian,Pink Princess
Vintage Parisian,Romanticism
Vintage Parisian,Romantic Academia
Vintage Parisian,Romantic Italian
Vintage Parisian,Vintage
Vintage Parisian,Wanderlust
Pink Princess,Princesscore
Pink Princess,Rococo
Pink Princess,Romantic Academia
Pink Princess,Vintage Parisian
Pin-up,Atompunk
Pin-up,Femme Fatale
Pin-up,Gamine
Pin-up,Lounge
Pin-up,Vintage
Pirate,Adventurecore
Pirate,Crowcore
Pirate,Dark Nautical
Pirate,Nautical
Pirate,Reefwave
Pixel Cutie,Hyperpop
Pixel Cutie,Kawaii
Pixel Cutie,Lo-Fi
Pixel Cutie,Milleniwave
Pixel Cutie,Pastel
Pixel Cutie,Seapunk
Pixel Cutie,Synthwave
Pixiecore,Cottagecore
Pixiecore,Crowcore
Pixiecore,Ethereal
Pixiecore,Fairycore
Pixiecore,Goblincore
Pixiecore,Holosexual
Pixiecore,Rainbowcore
Plaguecore,Medicalcore
Plaguecore,Steampunk
Plant Mom,Art Hoe
Plant Mom,Bloomcore
Plant Mom,Cottagecore
Plant Mom,Earthcore
Plant Mom,Natural Philosophy
Plant Mom,Naturecore
Plant Mom,VSCO
Playboy,New Money
Playboy,Baddie
Playboy,Boujee
Playboy,Brocore
Playboy,Casino
Playboy,Femme Fatale
Playboy,Stripcore
Playboy,Spy Fiction
Pop,Baddie
Pop,Britpop
Pop,C-Pop
Pop,CHEIRON CRUSH
Pop,City Pop
Pop,Hi-NRG
Pop,Hip-Hop
Pop,Hyperpop
Pop,McBling
Pop,Preppy
Pop,R&B
Pop,Surf Crush
Pop,Synthwave
Pop,Y2K
Pop Art,Art Academia
Pop Art,Art Hoe
Pop Art,Memphis
Pop Art,Superflat Pop
Pop Kei,Decora
Pop Kei,Kidcore
Pop Kei,Oshare Kei
Pop Kei,Party Kei
Post-Impressionism,Art Academia
Post-Impressionism,Cubism
Post-Impressionism,Expressionism
Post-Impressionism,Impressionism
Post-Impressionism,Modernism
Postmodernism,Modernism
Post-Apocalyptic,Cyberpunk
Post-Apocalyptic,Dullcore
Post-Apocalyptic,Plaguecore
Post-Apocalyptic,Soft Apocalypse
Post-Apocalyptic,Retro-Futurism
Post-Apocalyptic,Zombiecore
Prairiecore,Adventurecore
Prairiecore,Americana
Prairiecore,Cottagecore
Prairiecore,Craftcore
Prairiecore,Naturecore
Preppy,Nautical
Preppy,Pretty preppy
Preppy,VSCO Preppy
Princecore,Kingcore
Princecore,Knightcore
Princecore,Princesscore
Princecore,Queencore
Princecore,Rangercore
Princecore,Royalcore
Princecore,Ballet Academia
Princecore,New Romantic
Princecore,Lolita
Princesscore,Boujee
Princesscore,Dreamy
Princesscore,Ethereal
Princesscore,Fairy Tale
Princesscore,Kingcore
Princesscore,Knightcore
Princesscore,Lolita
Princesscore,Old Money
Princesscore,Princecore
Princesscore,Queencore
Princesscore,Rococo
Princesscore,Romantic Academia
Princesscore,Royalcore
Princesscore,Sparklecore
Psychedelica,Acid Pixie
Psychedelica,Acidwave
Psychedelica,Alien
Psychedelica,Cartooncore
Psychedelica,Cyberdelic
Psychedelica,Drugcore
Psychedelica,Glowwave
Psychedelica,Hippie
Psychedelica,Icepunk
Psychedelica,Rainbowcore
Psychedelica,Raver
Psychedelica,Seapunk
Psychedelica,Slimepunk
Psychedelica,Weirdcore
Punk,2 Tone
Punk,Deathrock
Punk,Emo
Punk,Goth
Punk,Post-Punk
Punk,Atompunk
Punk,Biopunk
Punk,Cyberpunk
Punk,Decopunk
Punk,Dieselpunk
Punk,Greaser
Punk,Goth
Punk,Grunge
Punk,Hippie
Punk,Nanopunk
Punk,Pastel Punk
Punk,Skater
Punk,Steampunk
Punk,Stonepunk
Punk,Vintage
Purism,Art Academia
Purism,Cubism
Purism,Modernism
Purism,Suprematism
Queencore,Baddie
Queencore,Kingcore
Queencore,Knightcore
Queencore,Princesscore
Queencore,Princecore
Queencore,Royalcore
Queer Academia,Writer Academia
Queer Academia,Dark Academia
Queer Academia,Romantic Academia
Queercore,Trendercore
Queercore,Punk
R&B,McBling
R&B,Boujee
R&B,Cyberghetto
R&B,Baddie
Racaille,Baddie
Racaille,Chav
Racaille,Jersey Shore
Racaille,Bombacore
Rainbowcore,Carcore
Rainbowcore,Cyberdelic
Rainbowcore,Cyberprep
Rainbowcore,Cyberpunk
Rainbowcore,Decora
Rainbowcore,Foodie
Rainbowcore,Glowwave
Rainbowcore,Holosexual
Rainbowcore,Icepunk
Rainbowcore,Kidcore
Rainbowcore,Milleniwave
Rainbowcore,Nostalgiacore
Rainbowcore,Old Web
Rainbowcore,Scene
Rainbowcore,Seapunk
Rainbowcore,Slimepunk
Rainbowcore,Synthwave
Rainbowcore,Tiki
Rainbowcore,Tropical
Rainbowcore,Vaporwave
Rainbowcore,Y2K
Rainy Day,Adventurecore
Rainy Day,After Hours
Rainy Day,Anglo Gothic
Rainy Day,Autumn
Rainy Day,Comfy/Cozy
Rainy Day,Dark Paradise
Rainy Day,Dreamy
Rainy Day,Dullcore
Rainy Day,Gloomcore
Rainy Day,Lo-Fi
Rainy Day,Lightningwave
Rainy Day,Naturecore
Rainy Day,Northerness
Rainy Day,Poolcore
Rainy Day,Soggy
Rainy Day,Spring
Rainy Day,Summer
Rainy Day,Tropical
Rangercore,Adventurecore
Rangercore,Forestpunk
Rangercore,Kingcore
Rangercore,Knightcore
Rangercore,Naturecore
Rangercore,Princecore
Rangercore,Princesscore
Rangercore,Queencore
Rangercore,Royalcore
Ratcore,Goblincore
Ratcore,Pigeoncore
Ratcore,Caninecore
Ratcore,Bastardcore
Ratcore,Weirdcore
Ratcore,Kawaii
Ravencore,Crowcore
Ravencore,Goblincore
Ravencore,Cottagecore
Ravencore,Witchcore
Ravencore,Naturecore
Ravencore,Dark Academia
Raver,Cyberdelic
Raver,Cybergoth
Raver,Cyberpop
Raver,Cyberprep
Raver,Cyberpunk
Raver,Glowwave
Raver,Psychedelica
Raver,Seapunk
Raver,Synthwave
Real Life Super Hero,Kidcore
Real Life Super Hero,Zentai
Realism,Art Academia
Realism,Photorealism
Reefwave,Earthcore
Reefwave,Glowwave
Reefwave,Nautical
Reefwave,Ocean Grunge
Reefwave,Poolcore
Reefwave,Seapunk
Regency,Classicism
Regency,Light Academia
Regency,Rococo
Regency,Romantic Academia
Regency,Victorian
Retro-Futurism,Art Deco
Retro-Futurism,Atompunk
Retro-Futurism,Cyberpunk
Retro-Futurism,Decopunk
Retro-Futurism,Dieselpunk
Retro-Futurism,Futurism
Retro-Futurism,Nostalgiacore
Retro-Futurism,Steampunk
Retro-Futurism,Synthwave
Retro-Futurism,Vaporwave
Retro-Futurism,Y2K
Rivethead,Emo
Rivethead,Goth
Rivethead,Grunge
Rivethead,Metal
Rivethead,Post-Punk
Rivethead,Punk
Roaring 20s,Americana
Roaring 20s,Electro Swing
Roaring 20s,Flapper
Roaring 20s,Italian Mafia
Robotics Kids,Cyberprep
Robotics Kids,Cyberpunk
Rococo,Baroque
Rococo,Ethereal
Rococo,Lolita
Rococo,Princesscore
Rococo,Romanticism
Rollerwave,Hauntology
Rollerwave,Hippie
Rollerwave,Mod
Rollerwave,Lo-Fi
Rollerwave,Pop Art
Rollerwave,Psychedelica
Rollerwave,Synthwave
Rollerwave,Vaporwave
Rollerwave,Vintage
Roma,Naturecore
Roma,Cottagecore
Roma,Cabincore
Roma,Bohemian
Roma,Adventurecore
Roma,Dark Academia
Romantic Goth,Gothic
Romantic Goth,Goth
Romantic Goth,Gothic Lolita
Romantic Goth,Trad Goth
Romantic Goth,Romanticism
Romantic Goth,Romantic Academia
Romantic Goth,Victorian
Romantic Goth,Victorian Goth
Romantic Goth,Woodland Goth
Romanticism,Art Academia
Romanticism,Dark Academia
Romanticism,Light Academia
Romanticism,Romantic Academia
Romanticism,Gothic
Romanticism,New Romantic
Romantic Academia,Art Academia
Romantic Academia,Ballet Academia
Romantic Academia,Dark Academia
Romantic Academia,Light Academia
Romantic Academia,Theatre Academia
Romantic Academia,Lovecore
Romantic Academia,Romantic Italian
Romantic Academia,Romanticism
Romantic Academia,Studyplace
Romantic Academia,Vintage Parisian
Romantic Academia,Woodland Goth
Romantic Academia,Dreamy
Romantic Academia,Post-Punk
Romantic Academia,Autumn
Romantic Academia,Poetcore
Romantic Italian,Angelcore
Romantic Italian,Art Academia
Romantic Italian,Classic Academia
Romantic Italian,Cottagecore
Romantic Italian,Hellenic
Romantic Italian,Light Academia
Romantic Italian,Lovecore
Romantic Italian,Pastel
Romantic Italian,Romantic Academia
Romantic Italian,Vintage Parisian
Romantic Italian,Wanderlust
Royalcore,Dragoncore
Royalcore,Kingcore
Royalcore,Knightcore
Royalcore,Princesscore
Royalcore,Princecore
Royalcore,Queencore
Rotcore,Morute
Rotcore,Traumacore
Rotcore,Gorecore
Rotcore,Grunge
Rusticcore,Americana
Rusticcore,Autumn
Rusticcore,Bloomcore
Rusticcore,Cottagecore
Rusticcore,Grunge
Rusticcore,Hikecore
Rusticcore,Naturecore
Rusticcore,Vintage
Sadpeople,Drugcore
Sadpeople,E-Boy
Sadpeople,E-Girl
Sadpeople,Emo
Sadpeople,Grunge
Sadpeople,Liminal Space
Sadpeople,Lo-Fi
Sadpeople,Pale
Sadpeople,Traumacore
Sadpeople,Vaporwave
Sadpeople,Voidpunk
Sadpeople,Yami Kawaii
Sandalpunk,Bronzepunk
Sandalpunk,Steampunk
Sandalpunk,Neo-Romanism
Sandalpunk,Hellenic
Sanriocore,Kawaii
Sanriocore,Animecore
Sanriocore,Babycore
Sanriocore,Girl-Next-Door
Sanriocore,Kidcore
Sanriocore,Pastel
Sanriocore,Pastel Goth
Sanriocore,Softie
Sanriocore,Kuromicore
Science Academia,Chaotic Academia
Science Academia,Classic Academia
Science Academia,Dark Academia
Science Academia,Light Academia
Science Academia,Green Academia
Science Academia,Paleocore
Science Academia,Spacecore
Science Academia,Medicalcore
Science Academia,Labcore
Science Academia,Mad Scientist
Science Academia,Gadgetpunk
Science Academia,Studyblr
Scrapbook,Art Academia
Scrapbook,Art Hoe
Scrapbook,Craftcore
Scrapbook,High School Dream
Scrapbook,Kidcore
Scrapbook,Lovecore
Scrapbook,Rainbowcore
Scrapbook,Sparklecore
Scrapbook,Tweencore
Scrapbook,VSCO
Scrapper,Americana
Scrapper,Bastardcore
Scrapper,Brocore
Scrapper,Chav
Scrapper,Greaser
Scrapper,Grunge
Scene,Club Kids
Scene,E-Girl
Scene,E-Boy
Scene,Emo
Scene,Old Web
Scene,Punk
Scene,Raver
Scoutcore,Adventurecore
Scoutcore,Dark Naturalism
Scoutcore,Hikecore
Scoutcore,Naturecore
Scoutcore,Craftcore
Scoutcore,Cabincore
Seapunk,Glowwave
Seapunk,Holosexual
Seapunk,Icepunk
Seapunk,Nautical
Seapunk,Ocean Grunge
Seapunk,Poolcore
Seapunk,Reefwave
Seapunk,Scene
Seapunk,Slimepunk
Seapunk,Tropical
Seapunk,Vaporwave
Seapunk,Y2K
Selkiecore,Dark Nautical
Selkiecore,Ocean Grunge
Selkiecore,Nautical
Selkiecore,Dark Fantasy
Selkiecore,Celtic
Shanzhai,Boujee
Shanzhai,Foodie
Shanzhai,Hustlewave
Shanzhai,Vaporwave
Shā mǎ tè,Emo
Shā mǎ tè,Goth
Shā mǎ tè,Punk
Shā mǎ tè,Scene
Shā mǎ tè,Visual Kei
Shabby Chic,Art Academia
Shabby Chic,Cottagecore
Shabby Chic,Fairy Academia
Shabby Chic,Grandparentcore
Shabby Chic,Mori Kei
Shabby Chic,Pastel
Shabby Chic,Prairiecore
Shabby Chic,Rococo
Shabby Chic,Victorian
Shabby Chic,Vintage
Shironuri,Goth
Shironuri,Angura Kei
Shironuri,Mori Kei
Sizz,Cryptidcore
Sleepycore,Babycore
Sleepycore,Delicate Sweet
Sleepycore,Dreamy
Sleepycore,Kidcore
Sleepycore,Yume Kawaii
Slimepunk,Cleancore
Slimepunk,Glowwave
Slimepunk,Goblincore
Slimepunk,Icepunk
Slimepunk,Seapunk
Slimepunk,Vaporwave
Slimepunk,Y2K
Sloanies,Dark Academia
Sloanies,Old Money
Sloanies,Light Academia
Sloanies,Preppy
Slutcore,Baddie
Slutcore,Bubblegum Bitch
Slutcore,Boujee
Slutcore,Devilcore
Slutcore,Babygirl
Slutcore,Pin-up
Snowdrop,Auroracore
Snowdrop,Ballet Academia
Snowdrop,Ethereal
Snowdrop,Princesscore
Snowdrop,Romantic Academia
Snow Bunny,Beach Bunny
Snow Bunny,Boujee
Soft Apocalypse,Avant Apocalypse
Soft Apocalypse,Cargopunk
Soft Apocalypse,Post-Apocalyptic
Soft Apocalypse,Solarpunk
Softgirl,E-Girl
Softgirl,Kawaii
Softgirl,VSCO
Softgirl,Yume Kawaii
Softgirl,Preppy
Softgirl,VSCO Preppy
Soft Baddie,E-Girl
Soft Baddie,Kawaii
Soft Baddie,Kawaii
Soft Baddie,Glam Girl
Soft Baddie,Old Money
Dark Softgirl,Art Hoe
Dark Softgirl,E-Boy
Dark Softgirl,Kawaii
Dark Softgirl,VSCO
Softboy,Comfy/Cozy
Softboy,E-Boy
Softboy,Kawaii
Softboy,VSCO
Softboy,Blue
Soft Grunge,Nymphet
Soft Grunge,Grunge
Soft Macabre,Yami Kawaii
Soft Macabre,Macaute
Soggy,Earthcore
Soggy,Mosscore
Soggy,Naturecore
Soggy,Rainy Day
Soggy,Wormcore
Solarpunk,Art Nouveau
Solarpunk,Green
Solarpunk,Lunarpunk
Solarpunk,Naturecore
Southern Gothic (Fashion/Historical),After Hours
Southern Gothic (Fashion/Historical),Anglo Gothic
Southern Gothic (Fashion/Historical),Goth
Southern Gothic (Fashion/Historical),Midwest Gothic
Southern Gothic (Fashion/Historical),Regional Gothic
Southern Gothic (Fashion/Historical),Southern Belle
Southern Gothic (Fashion/Historical),Suburban Gothic
Southern Gothic (Fashion/Historical),Goth
Southern Gothic (Fashion/Historical),Trad Goth
Southern Gothic (Fashion/Historical),Deathrock
Southern Gothic (Fashion/Historical),Cryptidcore
Southern Gothic (Regional/Modern),After Hours
Southern Gothic (Regional/Modern),Anglo Gothic
Southern Gothic (Regional/Modern),Coffinwood
Southern Gothic (Regional/Modern),Midwest Gothic
Southern Gothic (Regional/Modern),Regional Gothic
Southern Gothic (Regional/Modern),Suburban Gothic
Southern Gothic (Regional/Modern),Goth
Southern Gothic (Regional/Modern),Trad Goth
Southern Gothic (Regional/Modern),Deathrock
Southern Gothic (Regional/Modern),Cryptidcore
Sovietwave,Laborwave
Sovietwave,Synthwave
Sovietwave,Vaporwave
Spacecore,Glowwave
Spacecore,New Age
Spacecore,Science Academia
Spacecore,Unicorncore
Sparklecore,Baddie
Sparklecore,Boujee
Sparklecore,Craftcore
Sparklecore,Fairycore
Sparklecore,Happycore
Sparklecore,Holosexual
Sparklecore,Pearly
Sparklecore,Princesscore
Sparklecore,Rainbowcore
Sparklecore,Softie
Sparklecore,Vintage
Spiritcore,Dark Academia
Spiritcore,Lo-Fi
Spiritcore,Lunarpunk
Spiritcore,Vaporwave
Spring,Autumn
Spring,Bloomcore
Spring,Cottagecore
Spring,Dreamy
Spring,Naturecore
Spring,Summer
Spring,Warmcore
Spring,Winter
Spy Fiction,Film Noir
Steampunk,Cyberpunk
Steampunk,Decopunk
Steampunk,Dieselpunk
Steampunk,Steelpunk
Steampunk,Victorian
Steampunk,New Romantic
Steelpunk,Steampunk
Steelpunk,Dieselpunk
Steelpunk,Decopunk
Stimwave,Holosexual
Stimwave,Kidcore
Stimwave,Scene
Stimwave,Slimepunk
Stoner,Acidwave
Stoner,Cyberdelic
Stoner,Dionysism
Stoner,Drugcore
Stoner,Hippie
Stoner,Naturecore
Stoner,Psychedelica
Stoner,Punk
Stoner,Raver
Stripcore,Brocore
Stripcore,Casino
Stripcore,Devilcore
Stripcore,Drugcore
Stripcore,Glowwave
Stripcore,Hip-Hop
Stripcore,Raver
Stripcore,R&B
Stripcore,Slutcore
Stripcore,Synthwave
Stripcore,Vaporwave
Studyblr,Art Academia
Studyblr,Chaotic Academia
Studyblr,Classic Academia
Studyblr,Corporate
Studyblr,Dark Academia
Studyblr,Darkest Academia
Studyblr,Fairy Academia
Studyblr,Karencore
Studyblr,Light Academia
Studyblr,Pastel Academia
Studyblr,Romantic Academia
Studyblr,Science Academia
Studyblr,Studyplace
Studyblr,Theatre Academia
Studyblr,Vibrant Academia
Studyblr,Witchy Academia
Studyplace,Art Academia
Studyplace,Chaotic Academia
Studyplace,Classic Academia
Studyplace,Dark Academia
Studyplace,Darkest Academia
Studyplace,Fairy Academia
Studyplace,Light Academia
Studyplace,Pastel Academia
Studyplace,Romantic Academia
Studyplace,Studyblr
Studyplace,Theatre Academia
Studyplace,Witchy Academia
Suburban Gothic,1950s Suburbia
Suburban Gothic,After Hours
Suburban Gothic,Anglo Gothic
Suburban Gothic,Cryptidcore
Suburban Gothic,Midwest Gothic
Suburban Gothic,Southern Gothic
Suburban Gothic,Deathrock
Suburban Gothic,Dreamy
Suburban Gothic,Goth
Sukeban,Baddie
Sukeban,Bosozoku
Sukeban,Gyaru
Sukeban,Yanki
Summer,Autumn
Summer,Heatwave
Summer,Poolcore
Summer,Seapunk
Summer,Spring
Summer,Tropical
Summer,Vacation Dadcore
Summer,Winter
Summer,Hispanicore
Suprematism,Art Academia
Suprematism,Minimalism
Surf Crush,Art Hoe
Surf Crush,Frutiger Aero
Surf Crush,McBling
Surf Crush,Milleniwave
Surf Crush,Poolcore
Surf Crush,Superflat Pop
Surf Crush,Tikicore
Surf Crush,VSCO
Surf Crush,Y2K
Surrealism,Art Academia
Surrealism,Bizarro Fiction
Surrealism,Modernism
Surreal Memer,Alien
Surreal Memer,Arabfunny
Surreal Memer,Bastardcore
Swenkas,La Sape
Swordpunk,Cyberpunk
Swordpunk,Medieval Fantasy
Swordpunk,Steampunk
Synthwave,Carcore
Synthwave,Cyberdelic
Synthwave,Cyberpunk
Synthwave,Dreamy
Synthwave,Fashwave
Synthwave,Memphis
Synthwave,Glowwave
Synthwave,Italo Disco
Synthwave,Laborwave
Synthwave,Retro-Futurism
Synthwave,Vaporwave
Synthwave,Vintage
Synthwave,New Romantic
Synthwave,New Wave
Synthwave,City Pop
Takenokozoku,Gyaru
Tenwave,Acidwave
Tenwave,Cyberpunk
Tenwave,Glitch
Tenwave,Hippie
Tenwave,Kidcore
Tenwave,Milleniwave
Tenwave,Mind Murder
Tenwave,Psychedelica
Tenwave,Shoegaze
Tenwave,Trillwave
Tenwave,Vaporwave
Techwear,Cargopunk
Techwear,Cybergoth
Techwear,Cyberpunk
Techwear,Mallgoth
Teddies,Androgynous
Teddies,Mod
Teddies,New Romantic
Teddies,Youthquake
Technical Scene,Animecore
Technical Scene,Intel Core
Teethcore,Medicalcore
Teethcore,Pastel Goth
Teethcore,Grunge
Theatre Academia,Art Academia
Theatre Academia,Ballet Academia
Theatre Academia,Dark Academia
Theatre Academia,Darkest Academia
Theatre Academia,Light Academia
Theatre Academia,Romantic Academia
Theatre Academia,Theatre Kids
Theater Kids,High School Dream
Theater Kids,Theatre Academia
Theater Kids,Musical Academia
Theater Kids,Tweencore
Theater Kids,Preppy
Theater Kids,Normcore
Thrasher,Metal
Thriftcore,Cottagecore
Thriftcore,Grunge
Thriftcore,Hippie
Thriftcore,Punk
Thriftcore,Metal
Thriftcore,Rock
Thriftcore,Vintage
Tomboy,Adventurecore
Tomboy,Baddie
Tomboy,Brocore
Tomboy,Country
Tomboy,Geek
Tomboy,Hipster
Trad Goth,Goth
Trad Goth,Punk
Trad Goth,Deathrock
Trad Goth,New Romantic
Trad Goth,Punk
Trad Goth,Woodland Goth
Trad Goth,Romantic Goth
Trad Goth,Glam Rock
Trad Goth,Nu-Goth
Trailer Park Princess,Americana
Trailer Park Princess,Camp
Trailer Park Princess,Kinderwhore
Trailer Park Princess,Midwest Gothic
Trailer Park Princess,Morute
Trailer Park Princess,Nymphet
Trailer Park Princess,Southern Gothic
Trailer Park Princess,Traumacore
Trailer Park Princess,Weirdcore
Trashcore,Goblincore
Trashcore,Liminal Space
Trashcore,Thriftcore
Trashcore,Urbancore
Trashcore,Weirdcore
Traumacore,Cult Party Kei
Traumacore,Dual Kawaii
Traumacore,Sadpeople
Traumacore,Happycore
Traumacore,Havencore
Traumacore,Liminal Space
Traumacore,Morute
Traumacore,Pale
Traumacore,Sadpeople
Traumacore,Sanriocore
Traumacore,Southern Gothic
Traumacore,Voidpunk
Traumacore,Yami Kawaii
Traumacore,Weirdcore
Trendercore,Pride flags
Trendercore,Queer Academia
Trendercore,Queercore
Trendercore,Scene
Trillwave,Junglecore
Trillwave,Old Web
Trillwave,Seapunk
Trillwave,Vaporwave
Tropical,Bohemian
Tropical,Heatwave
Tropical,Hispanicore
Tropical,Nautical
Tropical,Ocean Grunge
Tropical,Pirate
Tropical,Poolcore
Tropical,Reefwave
Tropical,Seapunk
Tropical,Summer
Tropical,Vacation Dadcore
Tupinipunk,Afrofuturism
Tupinipunk,Cyberpunk
Tupinipunk,Nanopunk
Tweencore,Animecore
Tweencore,Barbiecore
Tweencore,High School Dream
Tweencore,Kidcore
Tweencore,Old Web
Tweencore,Scene
Tweencore,McBling
Twee,Vintage
Twee,Hipster
Ukiyo-e,Art Academia
Ulzzang,Hallyu
Ulzzang,Baddie
Urbancore,After Hours
Urbancore,Art Hoe
Urbancore,Baddie
Urbancore,Boujee
Urbancore,Cargopunk
Urbancore,Club
Urbancore,Cyberpunk
Urbancore,Grunge
Urbancore,Hallyu
Urbancore,Hip-Hop
Urbancore,Liminal Space
Urbancore,Lo-Fi
Urbancore,McBling
Urbancore,Normcore
Urbancore,Nostalgiacore
Urbancore,Punk
Urbancore,Skater
Urbancore,Superflat Pop
Urbancore,Vintage
Unicorncore,Sparklecore
Unicorncore,Pastel
Unicorncore,Rainbowcore
Unicorncore,Pastel Academia
Unicorncore,Fairy Kei
Unicorncore,Yume Kawaii
Unicorncore,Kawaii
Unicorncore,Happycore
Unicorncore,Spacecore
Unicorncore,Pastel Punk
Unicorncore,Pastel Goth
Unicorncore,Bubblegum Witch
Unicorncore,Witchcore
Vacation Dadcore,Cartelcore
Vacation Dadcore,Lounge
Vacation Dadcore,Poolcore
Vacation Dadcore,Reefwave
Vacation Dadcore,Summer
Vacation Dadcore,Tropical
Vacation Dadcore,Vaporwave
Vampire,Devilcore
Vampire,Goth
Vampire,Gothic
Vampire,Romantic Goth
Vampire,Victorian
Vampire,Victorian Goth
Vampire,Werewolf
Vampire,Witchcore
Vaporwave,Anime
Vaporwave,Cassette Futurism
Vaporwave,Cleancore
Vaporwave,Cyberdelic
Vaporwave,Cyberpunk
Vaporwave,Drugcore
Vaporwave,Glitch
Vaporwave,Glowwave
Vaporwave,Holosexual
Vaporwave,Icepunk
Vaporwave,Liminal Space
Vaporwave,Lo-Fi
Vaporwave,Memphis
Vaporwave,New Age
Vaporwave,Nostalgiacore
Vaporwave,Old Web
Vaporwave,Seapunk
Vaporwave,Slimepunk
Vaporwave,Surreal Memer
Vaporwave,Synthwave
Vaporwave,Witch House
Vaporwave,Y2K
Vaporwave,New Romantic
Vaporwave,New Wave
Vaporwave,City Pop
Vibrant Academia,Twee
Vibrant Academia,Pastel Academia
Vibrant Academia,Light Academia
Vibrant Academia,Grey Academia
Vibrant Academia,Studyblr
Victorian,Arts and Crafts Movement
Victorian,Dark Academia
Victorian,Darkest Academia
Victorian,Gothic
Victorian,Lolita
Victorian,Rococo
Victorian,Steampunk
Victorian,Victorian Goth
Victorian,Vintage
Victorian Goth,Goth
Victorian Goth,Victorian
Victorian Goth,Romantic Goth
Vintage,Hipster
Vintage,Grunge
Vintage,Hippie
Vintage,Nostalgiacore
Vintage,Vintage Academia
Vintage,Bohemian
Vintage,Fairy Kei
Vintage,Minimalism
Vintage,Victorian
Vintage,Cottagecore
Vintage,Cult Party Kei
Vintage,Mori Kei
Vintage,Dolly Kei
Vintage,Scrapbook
Vintage Academia,Classic Academia
Vintage Academia,Dark Academia
Vintage Academia,Grunge
Vintage Academia,Hippie
Vintage Academia,Hellenic
Vintage Academia,Nostalgiacore
Vintage Academia,Romantic Academia
Vintage Academia,Vintage
Vintage Academia,Grunge
Vintage Academia,Hippie
Vintage Academia,Nostalgiacore
Vintage Academia,Vintage
Virgo's Tears,Bloomcore
Virgo's Tears,Mori Kei
Virgo's Tears,Naturecore
Virgo's Tears,New Age
Virgo's Tears,Spacecore
Virgo's Tears,Witchcore
Visual Kei,Angura Kei
Visual Kei,Glam Rock
Visual Kei,Goth
Visual Kei,Oshare Kei
Visual Kei,Punk
Visual Kei,New Romantic
Visual Kei,Deathrock
VSCO Girl,E-Girl
VSCO Girl,Hippie
VSCO Girl,Art Hoe
VSCO Boy,E-Boy
Dark VSCO,High School Dream
Dark VSCO,Vintage
Winter VSCO,Comfy/Cozy
Winter VSCO,Winter
Autumn VSCO,Autumn
Autumn VSCO,Christian Girl Autumn
Voidpunk,Traumacore
Voidpunk,Cryptidcore
Voidpunk,Queercore
Voidpunk,Alien
Vorticism,Art Academia
Vorticism,Art Hoe
Vorticism,Modernism
Vulture Culture,Cottagecore
Vulture Culture,Cottagegore
Vulture Culture,Crowcore
Vulture Culture,Forestpunk
Vulture Culture,Goblincore
Vulture Culture,Naturecore
Vulture Culture,Natural Philosophy
Vulture Culture,Woodland Goth
Wabi-Sabi,Art Academia
Wabi-Sabi,Craftcore
Waif,Dark Nymphet
Waif,Fairy Grunge
Waif,Grunge
Waif,Trailer Park Princess
Waif,Nymphet
Waif,Preppy
Waldorf,Cottagecore
Waldorf,Craftcore
Waldorf,Bloomcore
Waldorf,Hippie
Waldorf,Mosscore
Waldorf,Mushroomcore
Waldorf,Fairycore
Waldorf,Goblincore
Wanderlust,Adventurecore
Wanderlust,Americana
Wanderlust,Dark Paradise
Wanderlust,Foodie
Wanderlust,Fantasy
Wanderlust,Northerness
Wanderlust,Romantic Italian
Wanderlust,Vintage Parisian
Warmcore,Bloomcore
Warmcore,Cottagecore
Warmcore,Ethereal
Warmcore,Dreamy
Warmcore,Heatwave
Warmcore,Naturecore
Weirdcore,Surrealism
Weirdcore,Dreamcore
Weirdcore,Old Web
Weirdcore,After Hours
Weirdcore,Bastardcore
Weirdcore,Kidcore
Weirdcore,Liminal Space
Weirdcore,Nostalgiacore
Werewolf,Fantasy
Werewolf,Caninecore
Werewolf,Vampire
Werewolf,Witchcore
Werewolf,Halloween
Werewolf,Horror
Western,Americana
Western,Cottagecore
Western,Country
Western,Prairiecore
Winter,Icepunk
Winter,Autumn
Winter,Summer
Winter,Spring
Winter,Comfy/Cozy
Witchy Academia,Dark Academia
Witchy Academia,Light Academia
Witchy Academia,Studyblr
Witchy Academia,Studyplace
Witchy Academia,Witchcore
Witch House,Nu-Goth
Witch House,Cyberpunk
Witch House,Goth
Witch House,Halloween
Witch House,Health Goth
Witch House,Horror
Witch House,Mallgoth
Witch House,Seapunk
Witch House,Synthwave
Witch House,Urbancore
Witch House,Vaporwave
Witch House,Witchcore
Witchcore,Angelcore
Witchcore,Bloomcore
Witchcore,Bubblegum Witch
Witchcore,Cabincore
Witchcore,Cottagecore
Witchcore,Cottagegore
Witchcore,Cryptidcore
Witchcore,Cryptid Academia
Witchcore,Dark Fantasy
Witchcore,Devilcore
Witchcore,Dragoncore
Witchcore,Goth
Witchcore,Gothic
Witchcore,Goblincore
Witchcore,Halloween
Witchcore,Hellenic
Witchcore,Honeycore
Witchcore,Horror
Witchcore,Medieval Fantasy
Witchcore,Metal
Witchcore,Mosscore
Witchcore,Naturecore
Witchcore,New Age
Witchcore,Ravencore
Witchcore,Werewolf
Witchcore,Witch House
Witchcore,Witchy Academia
Wizardcore,Witchcore
Wizardcore,Dark Academia
Wizardcore,Light Academia
Wizardcore,Chaotic Academia
Wizardcore,Fantasy
Wizardcore,Cabincore
Wizardcore,Naturecore
Wonderland,Cottagecore
Wonderland,Chaotic Academia
Woodland Goth,Dark Fantasy
Woodland Goth,Ballet Academia
Woodland Goth,Cottagecore
Woodland Goth,Cottagegore
Woodland Goth,Deathrock
Woodland Goth,Fairycore
Woodland Goth,Forestpunk
Woodland Goth,Glam Rock
Woodland Goth,Goth
Woodland Goth,Goblincore
Woodland Goth,Gothic Lolita
Woodland Goth,Mori Kei
Woodland Goth,Mythpunk
Woodland Goth,Romantic Goth
Woodland Goth,Trad Goth
Woodland Goth,Fairy Tale
Wormcore,Kidcore
Wormcore,Grey Academia
Wormcore,Weirdcore
Writer Academia,Art Academia
Writer Academia,Classic Academia
Writer Academia,Coffee House/Cafe
Writer Academia,Dark Academia
Writer Academia,Light Academia
Writer Academia,Romantic Academia
Y2K,Abstract Tech
Y2K,Anime
Y2K,CHEIRON CRUSH
Y2K,Cyberpop
Y2K,ElectroPop 08
Y2K,Frutiger Aero
Y2K,Holosexual
Y2K,McBling
Y2K,Milleniwave
Y2K,MTV Green Sky
Y2K,Poolcore
Y2K,Pop
Y2K,Raver
Y2K,Retro-Futurism
Y2K,Synthwave
Y2K,Vaporwave
Y2K,Vintage
Y2K,Mall Pop
Y2K,Superflat Pop
Y2K,Surf Crush
Yakuza,Drugcore
Yakuza,Italian Mafia
Yakuza,Cartelcore
Yami Kawaii,Animecore
Yami Kawaii,Dual Kawaii
Yami Kawaii,Medicalcore
Yami Kawaii,Morute
Yami Kawaii,Pastel Goth
Yami Kawaii,Sadpeople
Yami Kawaii,Traumacore
Yami Kawaii,Yume Kawaii
Yandere,Animecore
Yandere,Erokawa
Yandere,Gurokawa
Yandere,Mind Murder
Yandere,Traumacore
Yandere,Yami Kawaii
Yankeecore,Americana
Yanki,Bosozoku
Yanki,Sukeban
Yanki,Yakuza
Yume Kawaii,Animecore
Yume Kawaii,Babycore
Yume Kawaii,Decora
Yume Kawaii,Dreamy
Yume Kawaii,Dual Kawaii
Yume Kawaii,Fairy Kei
Yume Kawaii,Kawaii
Yume Kawaii,Magical Girls
Yume Kawaii,Pastel
Yume Kawaii,Yami Kawaii
Zombiecore,Cargopunk
Zombiecore,Dullcore
Zombiecore,Grunge
Zombiecore,Military
Zombiecore,Post-Apocalyptic
Zombiecore,Soggy
1950s Suburbia,Diner
1950s Suburbia,Americana
2 Tone,New Wave
2 Tone,Punk
70s Disco,Club
70s Disco,Psychedelica
70s Disco,Rollerwave
70s Disco,Glam Rock
70s Disco,New Romantic
70s Disco,Club Kids
70s Disco,City Pop
70s Disco,Vaporwave
70s Disco,Androgynous
70s Disco,R&B
70s Disco,Afrofuturism
